employee_id,first_name,last_name,email,hire_date,salary,department_id,manager_id
1,Kylila,Muddicliffe,kmuddicliffe0@amazon.de,04/21/2003,41834,1006,5
2,Anne,Southouse,asouthouse1@howstuffworks.com,03/28/2000,23340,1009,2
3,Rosalie,Cumberledge,rcumberledge2@shop-pro.jp,03/31/2020,43165,1006,2
4,Walden,Grieve,wgrieve3@pcworld.com,04/25/2029,16923,1005,3
5,Anallese,Fenwick,afenwick4@themeforest.net,07/30/2000,15557,1004,1
6,Fonz,Colmore,fcolmore5@zdnet.com,03/16/2003,34346,1005,5
7,Aldrich,Betterton,abetterton6@wikispaces.com,09/22/2022,38815,1001,4
8,Simmonds,Rootham,srootham7@google.pl,07/30/2027,22235,1005,4
9,Imelda,Arnaldy,iarnaldy8@themeforest.net,08/17/2005,22136,1010,4
10,Jessie,Leather,jleather9@princeton.edu,08/13/2004,25916,1008,2
11,Freddy,Risso,frissoa@nytimes.com,03/13/2012,39974,1003,4
12,Yolanda,Jamieson,yjamiesonb@intel.com,07/07/2003,13913,1007,1
13,Megen,Leacy,mleacyc@istockphoto.com,08/13/2015,42872,1003,3
14,Maisey,Rash,mrashd@printfriendly.com,02/01/2023,20809,1003,1
15,Thacher,Rillstone,trillstonee@flavors.me,09/14/2010,47703,1003,1
16,Myles,Chipchase,mchipchasef@4shared.com,02/03/2020,35096,1003,4
17,Avictor,Stilly,astillyg@reverbnation.com,10/25/2005,28016,1006,1
18,Dev,Mayhou,dmayhouh@ehow.com,10/28/2013,11069,1008,2
19,Alvy,Baptist,abaptisti@businessweek.com,07/05/2011,49383,1004,3
20,Sharline,Coules,scoulesj@businesswire.com,05/26/2026,23728,1003,2
21,Mala,Fliege,mfliegek@w3.org,10/20/2009,10781,1008,5
22,Candice,Gauche,cgauchel@bloomberg.com,04/21/2022,22919,1002,5
23,Ethelred,Lowbridge,elowbridgem@boston.com,02/24/2009,22613,1006,1
24,Annie,Earland,aearlandn@google.es,06/28/2007,19274,1007,3
25,Bendix,Halegarth,bhalegartho@google.es,01/17/2010,24006,1002,3
26,Sonnie,Zupone,szuponep@smh.com.au,09/29/2024,11462,1003,1
27,Hatty,Domaschke,hdomaschkeq@issuu.com,05/18/2026,45078,1007,1
28,Elmore,Grishelyov,egrishelyovr@amazon.com,08/21/2023,17583,1006,2
29,Leola,Gilfether,lgilfethers@comsenz.com,08/08/2011,22261,1010,5
30,Joell,Petrasch,jpetrascht@taobao.com,01/21/2014,47769,1003,5
31,Jarad,Blumson,jblumsonu@shop-pro.jp,12/25/2011,11197,1001,5
32,Jemmie,Pessolt,jpessoltv@squidoo.com,02/27/2007,24823,1009,4
33,Norbert,Stockall,nstockallw@japanpost.jp,04/04/2013,13714,1003,2
34,Eugene,Yoslowitz,eyoslowitzx@stumbleupon.com,04/25/2004,24277,1009,3
35,Alicia,Bowhay,abowhayy@people.com.cn,12/01/2010,34986,1010,2
36,Kelci,McGahey,kmcgaheyz@jugem.jp,06/20/2005,14077,1009,4
37,Lu,Cattell,lcattell10@fastcompany.com,02/18/2004,16733,1010,4
38,Tait,Rowet,trowet11@booking.com,08/28/2014,18550,1004,1
39,Anallise,Popplewell,apopplewell12@aboutads.info,05/04/2012,22834,1008,4
40,Adelaide,Stain,astain13@si.edu,01/30/2019,34648,1002,5
41,Sheff,Emig,semig14@angelfire.com,08/06/2021,19830,1008,2
42,Rene,Shevell,rshevell15@jiathis.com,11/13/2027,26097,1001,1
43,Emilie,Gavaghan,egavaghan16@photobucket.com,09/22/2027,45816,1001,5
44,Joyann,Arrowsmith,jarrowsmith17@eepurl.com,03/02/2011,41940,1003,4
45,Chalmers,Ferandez,cferandez18@clickbank.net,03/03/2023,47315,1009,4
46,Burtie,Goundry,bgoundry19@disqus.com,08/02/2028,15127,1009,5
47,Fancy,Blizard,fblizard1a@weibo.com,11/25/2025,13586,1001,1
48,Cloe,Syversen,csyversen1b@privacy.gov.au,07/24/2021,20117,1005,5
49,Welch,Findlow,wfindlow1c@wufoo.com,10/06/2016,40884,1009,3
50,Cord,Jeremaes,cjeremaes1d@chronoengine.com,04/17/2028,29249,1003,5
51,Ethelred,Ducrow,educrow1e@si.edu,05/24/2018,29497,1010,3
52,Klement,Postgate,kpostgate1f@dedecms.com,05/10/2018,16003,1003,2
53,Walton,Ockendon,wockendon1g@w3.org,05/18/2007,47291,1009,2
54,Demeter,Bellany,dbellany1h@prnewswire.com,07/01/2001,19981,1008,1
55,Tamra,Stroton,tstroton1i@myspace.com,04/27/2012,14380,1004,4
56,Venus,Dorsett,vdorsett1j@cmu.edu,08/11/2016,29702,1002,2
57,Bernard,Bentke,bbentke1k@mail.ru,03/25/2021,17875,1010,5
58,Judi,Weyland,jweyland1l@prweb.com,04/01/2007,20778,1006,1
59,Gerek,Jaulme,gjaulme1m@virginia.edu,11/06/2003,47757,1006,4
60,Tresa,Elijahu,telijahu1n@ted.com,03/16/2020,16573,1007,2
61,Kathi,Probbings,kprobbings1o@behance.net,10/04/2016,16082,1003,2
62,Kevyn,Alejandro,kalejandro1p@blog.com,10/26/2018,10071,1010,4
63,Fawn,Pierson,fpierson1q@slideshare.net,12/09/2017,40239,1003,4
64,Carlynn,Alfonso,calfonso1r@fc2.com,07/19/2008,27032,1008,4
65,Virginia,Bernucci,vbernucci1s@cisco.com,02/02/2013,14726,1006,2
66,Dev,Mation,dmation1t@twitpic.com,11/12/2012,27732,1008,2
67,Marylin,Melpuss,mmelpuss1u@cmu.edu,07/23/2011,13464,1006,4
68,Toddy,Dagg,tdagg1v@jimdo.com,02/15/2011,45637,1001,5
69,Corilla,Hatwell,chatwell1w@engadget.com,02/17/2012,44729,1001,4
70,Rosalinde,Womersley,rwomersley1x@a8.net,10/12/2007,25922,1002,2
71,Faina,Brimblecombe,fbrimblecombe1y@parallels.com,12/19/2009,43812,1005,2
72,Wesley,Plaskitt,wplaskitt1z@craigslist.org,03/19/2026,12498,1008,1
73,Bay,Bramhill,bbramhill20@youtu.be,10/06/2022,43808,1007,5
74,Linda,Woolcocks,lwoolcocks21@constantcontact.com,12/19/2028,35281,1004,5
75,Hebert,McAlroy,hmcalroy22@flavors.me,12/30/2003,24254,1006,3
76,Marni,Litchmore,mlitchmore23@dailymotion.com,09/05/2002,38311,1003,5
77,Carlynne,Piccop,cpiccop24@earthlink.net,08/14/2014,42192,1009,1
78,Essy,Newdick,enewdick25@techcrunch.com,10/26/2026,18884,1006,4
79,Lisle,Duggleby,lduggleby26@springer.com,11/28/2000,48725,1005,4
80,Willem,Prantoni,wprantoni27@ebay.com,02/15/2020,25115,1007,2
81,Greg,Colpus,gcolpus28@imdb.com,03/27/2010,17948,1002,1
82,Karim,Renton,krenton29@ucoz.com,12/27/2002,31752,1005,3
83,Deeyn,Deville,ddeville2a@delicious.com,05/18/2002,47265,1001,3
84,Myra,Reeder,mreeder2b@seesaa.net,05/19/2027,15662,1004,5
85,Selie,McGunley,smcgunley2c@cdbaby.com,07/10/2025,12682,1002,1
86,Andreas,Antonov,aantonov2d@feedburner.com,02/07/2003,29135,1003,4
87,Ramsey,Jowling,rjowling2e@ow.ly,02/14/2011,46870,1007,4
88,Brina,Sokale,bsokale2f@dagondesign.com,05/24/2012,18870,1008,5
89,Mary,Deare,mdeare2g@berkeley.edu,01/05/2014,15342,1004,1
90,Cassandra,Dunsmuir,cdunsmuir2h@blogs.com,01/14/2007,24727,1002,4
91,Marcello,Spenton,mspenton2i@hhs.gov,03/23/2002,18481,1010,5
92,Devin,Vitet,dvitet2j@who.int,10/10/2026,39119,1006,2
93,Bennett,Ondricek,bondricek2k@loc.gov,07/14/2006,28351,1009,4
94,Keene,Cadle,kcadle2l@slate.com,07/31/2020,16762,1007,3
95,Andrea,Vina,avina2m@xinhuanet.com,09/07/2014,15067,1001,5
96,Hinze,McVrone,hmcvrone2n@adobe.com,09/18/2022,42888,1005,1
97,Evanne,Caudle,ecaudle2o@hibu.com,03/25/2008,49197,1006,4
98,Rodolfo,Forrester,rforrester2p@kickstarter.com,03/15/2025,21007,1004,5
99,Noreen,Heppner,nheppner2q@reference.com,03/26/2012,11212,1002,2
100,Wylie,Coard,wcoard2r@un.org,01/06/2000,18782,1006,1
101,Gisella,Scorthorne,gscorthorne2s@jugem.jp,12/21/2016,39340,1008,2
102,Danita,Vasquez,dvasquez2t@addtoany.com,03/03/2011,24524,1009,3
103,Cozmo,Pitts,cpitts2u@instagram.com,12/10/2027,43135,1009,3
104,Ashton,Pullin,apullin2v@instagram.com,02/23/2004,28673,1002,1
105,Harmon,Nicolson,hnicolson2w@ucla.edu,09/13/2025,39165,1010,2
106,Inge,Ruppeli,iruppeli2x@devhub.com,08/17/2018,19604,1007,1
107,Dee,Philps,dphilps2y@discovery.com,05/07/2024,42575,1004,3
108,Brigg,Carne,bcarne2z@gov.uk,09/08/2017,40496,1002,5
109,Aggie,Lethby,alethby30@google.com.hk,08/25/2012,29438,1004,5
110,Tabby,Bendik,tbendik31@google.it,04/13/2007,38346,1001,4
111,Josefina,Ascough,jascough32@gmpg.org,06/26/2005,29953,1001,5
112,Layne,Brougham,lbrougham33@bravesites.com,10/05/2013,31283,1009,3
113,Archer,Bosence,abosence34@chronoengine.com,12/20/2009,29779,1001,2
114,Shoshanna,Tourner,stourner35@tripod.com,06/07/2006,33125,1004,1
115,Ulla,Pettifor,upettifor36@youtube.com,06/22/2017,26947,1009,1
116,Cheslie,Rainon,crainon37@uiuc.edu,05/09/2009,14797,1002,5
117,Washington,Blasi,wblasi38@infoseek.co.jp,12/27/2022,27787,1002,1
118,Keene,Coomber,kcoomber39@nhs.uk,03/31/2022,18459,1001,1
119,Kyle,Blackhurst,kblackhurst3a@youku.com,01/07/2017,31146,1007,4
120,Wait,Deere,wdeere3b@usnews.com,07/10/2021,35870,1003,2
121,Frannie,Habercham,fhabercham3c@geocities.jp,06/17/2008,34713,1008,3
122,Rosalynd,Rohan,rrohan3d@soup.io,04/17/2014,33830,1003,1
123,Lucita,Heavens,lheavens3e@illinois.edu,04/15/2023,32559,1002,2
124,Susi,Kimbly,skimbly3f@ebay.co.uk,11/16/2001,40374,1007,5
125,Emilia,Pallas,epallas3g@guardian.co.uk,10/14/2011,38343,1008,2
126,Stefa,Broske,sbroske3h@archive.org,10/13/2015,44781,1007,5
127,Rick,Folke,rfolke3i@sina.com.cn,04/21/2024,44276,1005,4
128,Ernestus,Bohlje,ebohlje3j@google.es,01/25/2029,36110,1008,4
129,Catharina,Cloy,ccloy3k@cloudflare.com,09/16/2008,28390,1002,5
130,Phillip,Feldklein,pfeldklein3l@mysql.com,11/04/2015,33180,1009,5
131,Ambros,Urien,aurien3m@shareasale.com,02/29/2020,44971,1006,3
132,Gerek,Fearnyhough,gfearnyhough3n@macromedia.com,10/10/2027,36832,1003,4
133,Glendon,Kochlin,gkochlin3o@amazon.co.uk,02/05/2002,36942,1001,2
134,Korey,Beauman,kbeauman3p@tumblr.com,06/12/2005,42616,1007,1
135,Briney,Ullyott,bullyott3q@smugmug.com,01/13/2012,45274,1005,4
136,Prentice,Abotson,pabotson3r@biglobe.ne.jp,08/22/2005,24866,1006,4
137,Susanna,Keay,skeay3s@360.cn,06/05/2020,12988,1007,1
138,Ardelis,Miko,amiko3t@jigsy.com,01/07/2009,28580,1007,5
139,Prescott,Bickford,pbickford3u@godaddy.com,12/24/2005,28839,1001,3
140,Cam,Gleder,cgleder3v@reference.com,07/24/2005,48815,1001,4
141,Athena,Harriman,aharriman3w@quantcast.com,10/07/2003,30379,1005,1
142,Toddy,Wooderson,twooderson3x@netvibes.com,09/11/2027,44099,1008,2
143,Emma,Dorkin,edorkin3y@woothemes.com,03/11/2002,42274,1004,1
144,Hall,Girodier,hgirodier3z@boston.com,04/15/2003,30500,1002,5
145,Thaddus,Reisk,treisk40@imageshack.us,01/15/2025,24238,1003,2
146,Bessy,Doveston,bdoveston41@blogtalkradio.com,11/08/2020,14795,1007,5
147,Rouvin,Gautrey,rgautrey42@stanford.edu,05/28/2015,41761,1005,3
148,Forest,De Blasiis,fdeblasiis43@ucsd.edu,04/21/2007,40209,1003,2
149,Robbyn,Mariel,rmariel44@msu.edu,11/03/2012,19300,1002,4
150,Leonhard,Stickel,lstickel45@reuters.com,04/21/2021,13848,1010,2
151,Roana,Velten,rvelten46@tuttocitta.it,01/28/2013,22581,1002,3
152,Chaddie,Fray,cfray47@gnu.org,12/19/2010,47531,1008,2
153,Billie,Rosenbloom,brosenbloom48@squidoo.com,08/15/2021,10476,1006,5
154,Alexandre,Attle,aattle49@latimes.com,10/31/2017,39651,1006,4
155,Pierette,Dunkerton,pdunkerton4a@tinypic.com,03/12/2010,16241,1010,5
156,Kath,Oxbrow,koxbrow4b@amazon.co.jp,12/21/2011,26778,1007,3
157,Kitti,Bend,kbend4c@jugem.jp,06/30/2020,29366,1008,1
158,Tanny,Antonat,tantonat4d@adobe.com,11/18/2018,42975,1006,3
159,Bourke,Diable,bdiable4e@archive.org,09/12/2017,49171,1001,1
160,Malia,Farrell,mfarrell4f@europa.eu,12/24/2016,41506,1010,4
161,Genny,Aizikovich,gaizikovich4g@123-reg.co.uk,04/30/2016,40756,1009,3
162,Claudette,Dubois,cdubois4h@abc.net.au,05/07/2025,49919,1005,5
163,Ulrika,O'Harney,uoharney4i@drupal.org,05/18/2027,41676,1010,3
164,Cristobal,Franck,cfranck4j@bizjournals.com,07/24/2001,35482,1009,3
165,Stormi,Warrillow,swarrillow4k@ftc.gov,08/18/2026,15086,1003,2
166,Abbye,Caughey,acaughey4l@mtv.com,11/23/2011,38726,1004,4
167,Neville,Tyrer,ntyrer4m@nature.com,04/02/2021,37783,1005,3
168,Val,Saunder,vsaunder4n@dot.gov,06/02/2006,39213,1007,1
169,Abe,Dixey,adixey4o@microsoft.com,05/19/2002,20465,1002,5
170,Rollins,Tuckwell,rtuckwell4p@ning.com,11/11/2024,14187,1001,1
171,Malena,Wolters,mwolters4q@globo.com,04/28/2002,45016,1007,3
172,Helen-elizabeth,Petracek,hpetracek4r@elegantthemes.com,04/23/2012,11598,1005,5
173,Gerladina,Moulding,gmoulding4s@newyorker.com,03/19/2018,34265,1009,5
174,Maddie,Tilte,mtilte4t@uiuc.edu,04/07/2009,24595,1001,4
175,Connor,Nock,cnock4u@gmpg.org,01/01/2003,40321,1006,1
176,Hakim,Cowey,hcowey4v@bloglines.com,05/22/2000,46493,1010,1
177,Juanita,Ballaam,jballaam4w@yahoo.co.jp,06/06/2006,49553,1005,5
178,Irene,Whitta,iwhitta4x@mit.edu,07/05/2000,18833,1007,4
179,Guthrey,Rebeiro,grebeiro4y@xrea.com,02/19/2009,15782,1003,5
180,Zared,Cleen,zcleen4z@exblog.jp,04/10/2005,17035,1008,5
181,Jenelle,Thewless,jthewless50@whitehouse.gov,03/28/2000,41291,1001,3
182,Agatha,Balshaw,abalshaw51@utexas.edu,04/18/2014,48231,1007,3
183,Theadora,Grumbridge,tgrumbridge52@ning.com,07/24/2016,25074,1009,4
184,Emmye,Thresher,ethresher53@angelfire.com,07/24/2015,28065,1002,3
185,Dav,Christophersen,dchristophersen54@slashdot.org,02/18/2014,34024,1003,5
186,Gayle,Parke,gparke55@odnoklassniki.ru,09/21/2019,10884,1002,3
187,Rycca,Shirt,rshirt56@blogspot.com,06/20/2013,34196,1010,4
188,Herschel,Langforth,hlangforth57@pcworld.com,04/21/2025,42153,1009,3
189,Cyrill,Quincey,cquincey58@networkadvertising.org,07/19/2022,20523,1003,3
190,Amalita,Westrip,awestrip59@toplist.cz,10/08/2019,10005,1001,1
191,Sofia,Castree,scastree5a@ucoz.com,12/24/2010,25122,1004,1
192,Marlowe,Maggill'Andreis,mmaggillandreis5b@amazon.co.uk,03/07/2020,39137,1010,4
193,Madelyn,Depper,mdepper5c@rediff.com,04/23/2005,46678,1007,4
194,Burt,Paridge,bparidge5d@taobao.com,09/20/2021,45127,1001,1
195,Luciano,Mityashin,lmityashin5e@phoca.cz,11/26/2015,16513,1001,4
196,Nadean,De Giorgio,ndegiorgio5f@chicagotribune.com,07/12/2026,40013,1001,1
197,Elbert,MacMenamin,emacmenamin5g@huffingtonpost.com,07/14/2005,18262,1002,1
198,Gaelan,Rogeron,grogeron5h@goodreads.com,12/06/2029,28012,1009,1
199,Junina,Rosengarten,jrosengarten5i@army.mil,10/31/2023,23456,1007,5
200,Julie,Tegeller,jtegeller5j@alibaba.com,10/27/2013,27941,1001,4
201,Anetta,Bridgman,abridgman5k@hc360.com,05/11/2008,36680,1002,2
202,Niko,Dumbelton,ndumbelton5l@mashable.com,11/06/2011,22322,1005,4
203,Teador,Castagno,tcastagno5m@youku.com,05/14/2002,16435,1009,4
204,Dud,Wyllcocks,dwyllcocks5n@newsvine.com,05/27/2002,28290,1002,5
205,Chloette,Foy,cfoy5o@cam.ac.uk,11/27/2015,18360,1008,4
206,Simonne,Koppens,skoppens5p@booking.com,03/12/2007,29540,1007,4
207,Mathilda,Becaris,mbecaris5q@google.pl,04/15/2005,20627,1008,4
208,Daffie,Antonov,dantonov5r@bing.com,05/05/2010,42298,1007,3
209,Mohandis,Banasevich,mbanasevich5s@sbwire.com,07/06/2008,14796,1007,3
210,Elia,Osmint,eosmint5t@google.com.hk,01/23/2029,34487,1007,2
211,Sawyer,Sarrell,ssarrell5u@samsung.com,05/27/2015,31006,1003,1
212,Loren,Werrilow,lwerrilow5v@nhs.uk,10/06/2004,42914,1006,1
213,Ranice,Eddicott,reddicott5w@opera.com,11/17/2020,34095,1001,3
214,Cad,Mainstone,cmainstone5x@home.pl,05/14/2028,17556,1008,2
215,Leela,Esberger,lesberger5y@java.com,03/12/2013,41831,1007,4
216,Leilah,Lockery,llockery5z@vistaprint.com,06/08/2026,44172,1009,4
217,Theresa,Goad,tgoad60@redcross.org,03/30/2015,19515,1009,2
218,Kylen,Hovee,khovee61@google.cn,12/19/2011,11570,1004,2
219,Delmore,Daout,ddaout62@tinypic.com,08/28/2010,25167,1004,5
220,Sasha,Cultcheth,scultcheth63@cnbc.com,03/30/2004,11480,1007,2
221,Joyous,Jankowski,jjankowski64@plala.or.jp,11/14/2016,46711,1008,3
222,Bobby,Bicknell,bbicknell65@blogs.com,01/10/2014,19946,1007,2
223,Roxana,Gummoe,rgummoe66@cafepress.com,04/10/2013,30159,1008,1
224,Ethyl,Stell,estell67@slashdot.org,05/02/2020,29662,1003,2
225,Redd,Batthew,rbatthew68@nba.com,09/02/2019,32627,1003,3
226,Wilbur,Arnaudot,warnaudot69@elegantthemes.com,05/03/2013,23154,1002,5
227,Vanya,Grayley,vgrayley6a@nsw.gov.au,12/16/2008,34001,1002,3
228,Edwin,Henrion,ehenrion6b@trellian.com,07/25/2005,26542,1003,4
229,Ellie,Donson,edonson6c@reverbnation.com,08/08/2004,18109,1009,1
230,Happy,Birk,hbirk6d@ucoz.ru,09/06/2001,23966,1004,4
231,Lynnet,Cowp,lcowp6e@goo.ne.jp,08/07/2011,24527,1007,5
232,Monty,Mander,mmander6f@vimeo.com,12/07/2017,23360,1004,2
233,Willi,Voelker,wvoelker6g@bbb.org,11/30/2009,12752,1007,5
234,Shawnee,Medgwick,smedgwick6h@guardian.co.uk,06/20/2017,37075,1005,1
235,Thia,Gaskin,tgaskin6i@eepurl.com,08/01/2000,35046,1008,5
236,Annadiana,Sothern,asothern6j@desdev.cn,03/17/2001,47728,1008,2
237,Harli,MacGillicuddy,hmacgillicuddy6k@hao123.com,05/12/2006,35865,1003,3
238,Corina,Worrill,cworrill6l@cmu.edu,03/23/2029,43776,1008,1
239,Alisha,Whitwham,awhitwham6m@hp.com,04/13/2021,39843,1004,1
240,Janifer,Gerlts,jgerlts6n@technorati.com,06/28/2006,21599,1010,4
241,Sosanna,Cockson,scockson6o@godaddy.com,10/31/2024,35805,1003,5
242,Stephannie,Oiseau,soiseau6p@ovh.net,11/14/2012,24655,1003,1
243,Ashlin,Paskin,apaskin6q@businessinsider.com,07/11/2001,33704,1003,4
244,Desmund,Hunnicot,dhunnicot6r@ezinearticles.com,11/17/2005,24681,1009,3
245,Dallon,Drinkel,ddrinkel6s@woothemes.com,01/15/2022,43686,1001,5
246,Coleen,Kee,ckee6t@seesaa.net,09/07/2017,46285,1009,3
247,Nico,Howley,nhowley6u@bandcamp.com,11/03/2018,33555,1001,2
248,Saundra,Esler,sesler6v@weebly.com,08/15/2017,16449,1008,5
249,Friedrich,Linskill,flinskill6w@reddit.com,02/16/2022,25006,1007,3
250,Hester,Aireton,haireton6x@wikipedia.org,09/23/2020,24494,1001,2
251,Omero,Souley,osouley6y@cdbaby.com,01/07/2000,10834,1004,4
252,Robbie,Muzzi,rmuzzi6z@nature.com,09/29/2019,19689,1006,2
253,Benn,Loiterton,bloiterton70@webmd.com,07/25/2014,20162,1003,1
254,Lionel,Jonczyk,ljonczyk71@jiathis.com,10/22/2003,20515,1006,4
255,Kermy,Stockow,kstockow72@europa.eu,12/13/2017,34278,1006,2
256,Mitch,McPhilemy,mmcphilemy73@baidu.com,12/24/2028,14695,1004,3
257,Dedie,Sage,dsage74@pcworld.com,05/05/2006,19880,1009,2
258,Marco,Seston,mseston75@github.io,11/23/2026,24960,1004,2
259,Benito,M'Quharge,bmquharge76@scribd.com,07/04/2024,20513,1007,5
260,Charmain,Winman,cwinman77@cbc.ca,01/13/2004,14943,1007,3
261,Lanie,Sowter,lsowter78@github.com,10/08/2008,47077,1003,4
262,Alon,Brendeke,abrendeke79@pinterest.com,03/05/2001,10319,1008,2
263,Jessie,Taks,jtaks7a@nih.gov,12/17/2010,16926,1004,2
264,Luther,Swetman,lswetman7b@nationalgeographic.com,04/20/2018,39536,1007,1
265,Vivien,Gilroy,vgilroy7c@ibm.com,07/18/2006,13056,1010,3
266,Ivonne,Dunbar,idunbar7d@wsj.com,01/23/2029,46031,1004,5
267,Antoinette,Tayler,atayler7e@photobucket.com,11/06/2015,14991,1002,4
268,Remy,Ratcliff,rratcliff7f@smh.com.au,07/06/2020,36959,1006,3
269,Parrnell,Wessel,pwessel7g@bloglovin.com,12/20/2021,21910,1009,4
270,Fern,Briiginshaw,fbriiginshaw7h@ehow.com,12/28/2000,47084,1006,2
271,Glen,Demschke,gdemschke7i@com.com,01/25/2003,19388,1009,1
272,Dean,Spivey,dspivey7j@examiner.com,09/19/2029,42807,1004,2
273,Joella,Yearsley,jyearsley7k@wufoo.com,08/26/2012,20836,1002,1
274,Johnathon,McMurray,jmcmurray7l@tripadvisor.com,12/06/2020,32553,1006,1
275,Melonie,Kops,mkops7m@xinhuanet.com,09/05/2008,29256,1001,3
276,Cele,Seally,cseally7n@harvard.edu,09/12/2009,18579,1004,2
277,Hazel,Bloxland,hbloxland7o@123-reg.co.uk,02/26/2004,32769,1005,4
278,Nelli,Ravenhill,nravenhill7p@businessweek.com,01/24/2017,42984,1010,5
279,Leroi,Greenstead,lgreenstead7q@newyorker.com,05/25/2021,10519,1002,2
280,Aurelie,Fogden,afogden7r@answers.com,11/19/2020,17961,1007,1
281,Adela,Billison,abillison7s@pinterest.com,04/15/2008,38560,1009,1
282,Robb,Mattes,rmattes7t@hud.gov,05/10/2026,31103,1008,3
283,Hetti,Hargitt,hhargitt7u@geocities.com,06/01/2020,18547,1003,5
284,Lorrie,Adamovicz,ladamovicz7v@blogger.com,12/02/2008,49466,1001,5
285,Barbie,Corless,bcorless7w@cbc.ca,04/06/2022,19661,1002,1
286,Basilius,Mantripp,bmantripp7x@noaa.gov,09/24/2000,45768,1003,5
287,Raeann,Fakes,rfakes7y@themeforest.net,06/24/2029,46457,1008,3
288,Catharina,Antonsen,cantonsen7z@twitpic.com,08/22/2014,30518,1006,2
289,Bobinette,Banton,bbanton80@t-online.de,12/08/2016,14979,1003,4
290,Bjorn,Shewery,bshewery81@mashable.com,07/18/2002,42952,1009,4
291,Valerye,Bellwood,vbellwood82@dagondesign.com,02/14/2011,23193,1006,1
292,Frank,Fitchen,ffitchen83@indiatimes.com,11/15/2024,25284,1010,4
293,Katine,Hurch,khurch84@bloomberg.com,07/23/2027,23046,1008,5
294,Winston,Hendin,whendin85@vkontakte.ru,01/06/2010,23888,1003,4
295,Francisca,Campkin,fcampkin86@spiegel.de,12/16/2021,48701,1001,4
296,Damien,Groves,dgroves87@blogger.com,10/06/2024,41755,1003,2
297,Dawn,Tille,dtille88@creativecommons.org,08/14/2012,13538,1003,5
298,Lorita,Toor,ltoor89@nydailynews.com,05/04/2007,21323,1009,3
299,Nyssa,Ivanyushin,nivanyushin8a@squarespace.com,07/16/2026,30918,1008,5
300,Murdock,Godbert,mgodbert8b@altervista.org,05/23/2007,21967,1004,3
301,Gaylene,Giacomini,ggiacomini8c@uol.com.br,12/26/2023,13010,1004,3
302,Dinnie,Blades,dblades8d@list-manage.com,12/30/2021,34444,1005,4
303,Giustina,Raynton,graynton8e@google.es,01/22/2000,33940,1010,1
304,Chrysa,Britland,cbritland8f@wordpress.com,07/31/2011,27192,1007,2
305,Arnold,Bengtsson,abengtsson8g@pcworld.com,01/15/2005,38443,1010,3
306,Kimberlyn,Di Biasio,kdibiasio8h@constantcontact.com,01/08/2016,28667,1009,5
307,Augusto,Tasseler,atasseler8i@hibu.com,10/03/2022,44955,1007,5
308,Buck,Forde,bforde8j@gizmodo.com,09/19/2002,17987,1002,4
309,Jamal,Newlove,jnewlove8k@nsw.gov.au,10/24/2017,34111,1010,1
310,Rainer,Stetlye,rstetlye8l@webs.com,08/07/2010,22442,1009,1
311,Gerhard,Sermin,gsermin8m@edublogs.org,09/01/2025,45870,1005,5
312,Shea,Windrus,swindrus8n@yelp.com,07/18/2006,21496,1006,3
313,Andeee,Rickersey,arickersey8o@slashdot.org,12/05/2017,30621,1006,2
314,Anders,Pimblotte,apimblotte8p@xing.com,06/25/2029,44622,1001,4
315,Perren,Hazell,phazell8q@google.nl,04/30/2009,34069,1006,2
316,Marnia,Gammell,mgammell8r@twitpic.com,07/27/2011,21958,1006,3
317,Frederic,Reubel,freubel8s@arizona.edu,12/09/2004,32402,1004,1
318,Nisse,Illingworth,nillingworth8t@google.co.jp,01/12/2017,17029,1007,5
319,Jen,Geddis,jgeddis8u@netlog.com,09/07/2005,44786,1008,2
320,Carolyne,Tallowin,ctallowin8v@unblog.fr,04/15/2003,13976,1001,3
321,Clotilda,Lavallie,clavallie8w@google.es,03/28/2029,33266,1001,1
322,Kent,Eberz,keberz8x@liveinternet.ru,10/31/2018,23606,1003,3
323,Rustin,Craythorn,rcraythorn8y@patch.com,03/16/2029,43285,1001,1
324,Logan,Fitzsimmons,lfitzsimmons8z@hc360.com,09/01/2023,45277,1001,5
325,Jamaal,McCaig,jmccaig90@columbia.edu,11/10/2003,24000,1003,2
326,Bel,Paulusch,bpaulusch91@apache.org,02/24/2012,25816,1003,2
327,Klarika,Colthurst,kcolthurst92@cpanel.net,05/16/2024,18306,1007,3
328,Reggi,Eliasen,reliasen93@unc.edu,02/16/2019,15705,1008,1
329,Nicholas,Lowton,nlowton94@berkeley.edu,08/07/2005,28999,1003,4
330,Demetria,Blanning,dblanning95@cafepress.com,10/08/2012,35902,1006,3
331,Marna,Swadlen,mswadlen96@redcross.org,02/28/2015,46557,1006,4
332,Osmond,Doonican,odoonican97@creativecommons.org,12/09/2016,46311,1002,1
333,Vaughan,Entreis,ventreis98@twitpic.com,01/18/2014,46266,1009,1
334,Teodor,Westmorland,twestmorland99@netlog.com,06/17/2005,41886,1009,1
335,Perren,Gloves,pgloves9a@ucla.edu,09/08/2004,42990,1008,4
336,Barbabas,Candwell,bcandwell9b@miitbeian.gov.cn,11/18/2025,31977,1006,3
337,Charin,Leneve,cleneve9c@chron.com,02/28/2016,23740,1005,4
338,Michael,Desport,mdesport9d@youtu.be,04/11/2000,30008,1001,3
339,Madalena,Bedwell,mbedwell9e@mit.edu,11/17/2011,24278,1005,1
340,Tull,Ogilby,togilby9f@dailymail.co.uk,07/30/2028,26511,1007,5
341,Cariotta,Firth,cfirth9g@indiegogo.com,11/05/2003,39113,1001,2
342,Lionello,Titcom,ltitcom9h@tumblr.com,04/04/2005,10465,1004,5
343,Boyce,Cosbee,bcosbee9i@ft.com,09/09/2021,39167,1009,4
344,Vere,Buchett,vbuchett9j@phoca.cz,02/09/2025,31830,1007,2
345,Dwain,Yarnell,dyarnell9k@google.pl,10/11/2009,37003,1004,1
346,Ashleigh,Brugden,abrugden9l@dropbox.com,04/24/2029,40029,1004,4
347,Rachel,Lackington,rlackington9m@tumblr.com,06/23/2025,25680,1008,4
348,Jane,Deniset,jdeniset9n@blog.com,12/07/2017,32824,1001,2
349,Hunter,Beecraft,hbeecraft9o@google.com,09/07/2022,48334,1010,1
350,Murdock,Garrand,mgarrand9p@yellowbook.com,01/05/2005,27995,1006,5
351,Lion,Fallow,lfallow9q@princeton.edu,03/22/2000,33042,1005,1
352,Rosemaria,Aindrais,raindrais9r@desdev.cn,06/20/2016,17607,1006,1
353,Cathee,Summerson,csummerson9s@liveinternet.ru,10/16/2004,16761,1002,3
354,Van,Pohl,vpohl9t@uol.com.br,11/22/2004,31200,1008,5
355,Ewart,Hartigan,ehartigan9u@si.edu,01/24/2000,17521,1005,3
356,Adolph,McClarence,amcclarence9v@studiopress.com,10/06/2010,23724,1005,4
357,Mirella,Lack,mlack9w@paypal.com,08/03/2004,28500,1002,4
358,Kevin,Tourner,ktourner9x@china.com.cn,05/25/2025,44490,1005,4
359,Maye,Josuweit,mjosuweit9y@simplemachines.org,12/16/2020,44787,1002,4
360,Dorise,Instrell,dinstrell9z@pagesperso-orange.fr,07/11/2019,22219,1009,2
361,Francisca,Stirling,fstirlinga0@sciencedirect.com,08/15/2026,32201,1003,5
362,Debora,Booi,dbooia1@elpais.com,12/19/2004,17574,1002,3
363,Coop,Bottomley,cbottomleya2@privacy.gov.au,11/30/2023,35916,1005,1
364,Jemie,Casewell,jcasewella3@wikispaces.com,01/03/2028,21091,1004,2
365,Bryn,Neil,bneila4@noaa.gov,03/04/2010,37510,1008,2
366,Alard,Laminman,alaminmana5@1688.com,10/14/2018,10826,1008,2
367,Horton,Loker,hlokera6@scientificamerican.com,07/02/2022,29309,1008,1
368,Shena,Vasichev,svasicheva7@vk.com,10/06/2028,18924,1002,1
369,Lethia,Harvie,lharviea8@symantec.com,11/06/2022,13025,1005,2
370,Enrique,Tomaszek,etomaszeka9@phoca.cz,03/22/2023,10606,1005,2
371,Kittie,Zoane,kzoaneaa@naver.com,10/23/2003,31061,1003,5
372,Morse,Leveritt,mleverittab@cbslocal.com,07/26/2005,15609,1005,2
373,Boigie,Huburn,bhuburnac@friendfeed.com,06/24/2028,43409,1005,1
374,Kariotta,Bolden,kboldenad@nature.com,11/25/2026,23084,1007,1
375,Rab,Boughen,rboughenae@github.io,02/03/2014,14606,1007,1
376,Corella,Barniss,cbarnissaf@google.es,08/19/2010,44215,1002,2
377,Oona,Bowler,obowlerag@sfgate.com,07/18/2017,30258,1007,5
378,Leicester,Maydway,lmaydwayah@miitbeian.gov.cn,03/30/2028,46558,1002,2
379,Concordia,Ludlamme,cludlammeai@list-manage.com,09/07/2013,47260,1003,1
380,Bendix,Burril,bburrilaj@blog.com,03/18/2011,43099,1003,5
381,Bruis,Adnet,badnetak@barnesandnoble.com,06/16/2026,23520,1010,1
382,Jasmine,Dresche,jdrescheal@marriott.com,09/05/2026,24738,1006,2
383,Pippa,Pyer,ppyeram@abc.net.au,12/02/2004,14414,1005,5
384,Dugald,Langstaff,dlangstaffan@techcrunch.com,07/01/2024,24337,1009,4
385,Krisha,Mains,kmainsao@mac.com,09/23/2023,34287,1003,4
386,Rebeca,Theuff,rtheuffap@ucoz.com,10/13/2020,44050,1010,4
387,Charleen,Edland,cedlandaq@example.com,05/21/2002,25579,1004,4
388,Florri,Pennells,fpennellsar@blogs.com,04/03/2006,16487,1002,2
389,Clevey,Pedron,cpedronas@ibm.com,01/13/2023,42928,1003,5
390,Xena,Pardoe,xpardoeat@wired.com,12/14/2018,46808,1006,2
391,Salvatore,McReath,smcreathau@miibeian.gov.cn,08/28/2002,34141,1010,1
392,Ivory,Caves,icavesav@163.com,06/27/2008,25425,1009,1
393,Kleon,Lensch,klenschaw@shop-pro.jp,05/24/2025,29676,1005,4
394,Randolph,Cayette,rcayetteax@seattletimes.com,09/05/2009,44977,1010,4
395,Win,Baike,wbaikeay@vinaora.com,01/23/2026,47772,1001,4
396,Lurleen,Hackin,lhackinaz@posterous.com,11/17/2005,22542,1003,5
397,Bennett,Bresnahan,bbresnahanb0@twitter.com,08/08/2009,26542,1004,4
398,Trey,Ramsbottom,tramsbottomb1@wikimedia.org,06/25/2001,31695,1001,4
399,Marylou,Beed,mbeedb2@cafepress.com,10/10/2017,44074,1001,5
400,Wayland,Hrinchenko,whrinchenkob3@marriott.com,04/06/2024,26750,1002,2
401,Garrik,Iddiens,giddiensb4@sourceforge.net,12/01/2000,18359,1009,4
402,Leroi,Kinder,lkinderb5@nature.com,10/05/2016,46199,1003,5
403,Lucina,Castrillo,lcastrillob6@ftc.gov,01/14/2000,29868,1005,4
404,Georgeanne,Lowseley,glowseleyb7@netscape.com,06/17/2004,43672,1007,3
405,Akim,Eaden,aeadenb8@scientificamerican.com,10/16/2018,37395,1001,2
406,Kerry,Goozee,kgoozeeb9@wisc.edu,02/08/2002,17327,1006,5
407,Jackson,Blamires,jblamiresba@timesonline.co.uk,11/19/2019,44417,1006,3
408,Chen,Jindra,cjindrabb@weibo.com,05/24/2003,34843,1006,4
409,Barron,Johansson,bjohanssonbc@rambler.ru,10/24/2004,23045,1008,2
410,Ty,Marshalleck,tmarshalleckbd@wix.com,08/23/2007,40081,1001,5
411,Carey,Blampied,cblampiedbe@oracle.com,12/08/2012,26615,1009,1
412,Ahmed,Hutchinson,ahutchinsonbf@about.me,07/14/2008,13226,1003,1
413,Oralia,Storey,ostoreybg@un.org,02/19/2017,47913,1007,2
414,Norman,Salazar,nsalazarbh@webmd.com,08/09/2028,20502,1004,4
415,Rochelle,Hollerin,rhollerinbi@wikispaces.com,04/28/2017,24978,1010,2
416,Krystal,Hanbidge,khanbidgebj@elpais.com,02/07/2024,49728,1001,1
417,Gibby,Kerrich,gkerrichbk@state.gov,07/29/2002,25341,1007,4
418,Halsey,Roumier,hroumierbl@hugedomains.com,08/18/2004,26294,1004,3
419,Klement,Quantrill,kquantrillbm@usnews.com,03/28/2021,24190,1006,3
420,Sianna,Bromilow,sbromilowbn@vinaora.com,01/16/2018,24346,1004,3
421,Ralf,Copins,rcopinsbo@flavors.me,09/18/2002,43959,1003,3
422,Alden,Pritchett,apritchettbp@boston.com,10/06/2000,19367,1004,3
423,Emera,McAdam,emcadambq@trellian.com,08/10/2012,42297,1009,3
424,Kasey,Count,kcountbr@wisc.edu,10/31/2021,45095,1004,4
425,Berthe,Fain,bfainbs@state.gov,06/09/2001,13585,1003,4
426,Jasper,Cannavan,jcannavanbt@skype.com,09/05/2007,36554,1008,2
427,Karalynn,Featherstone,kfeatherstonebu@w3.org,08/11/2013,23619,1002,4
428,Veriee,Reeders,vreedersbv@berkeley.edu,05/24/2016,34187,1001,1
429,Bernetta,Blumire,bblumirebw@webnode.com,11/11/2006,24842,1009,2
430,Kordula,Baal,kbaalbx@msn.com,04/02/2011,42147,1002,5
431,Hodge,Ramberg,hrambergby@squidoo.com,03/25/2004,35871,1001,2
432,Mariana,Petofi,mpetofibz@dailymail.co.uk,02/04/2006,25328,1009,1
433,Iago,Izachik,iizachikc0@engadget.com,09/14/2023,45993,1009,3
434,Wyatan,Patey,wpateyc1@a8.net,05/15/2028,25183,1009,2
435,Garrott,Iacobo,giacoboc2@microsoft.com,09/02/2009,49134,1008,2
436,Jule,Crace,jcracec3@gmpg.org,04/21/2008,29809,1005,3
437,Chiquia,Shimmans,cshimmansc4@chicagotribune.com,02/09/2012,21634,1005,4
438,Inessa,Leith,ileithc5@businessinsider.com,03/02/2028,23707,1009,3
439,Raine,Abelov,rabelovc6@wiley.com,09/04/2015,12564,1008,3
440,Myrna,Shovlin,mshovlinc7@cafepress.com,05/19/2022,18715,1009,2
441,Kayla,Simkin,ksimkinc8@nsw.gov.au,03/19/2020,19559,1009,2
442,Cate,Noto,cnotoc9@wp.com,12/12/2021,49105,1005,2
443,Burl,Marvel,bmarvelca@who.int,07/26/2012,18169,1004,2
444,Celestyn,Barratt,cbarrattcb@creativecommons.org,03/07/2008,10808,1004,1
445,Vernice,Gledhall,vgledhallcc@jimdo.com,02/04/2007,41908,1004,2
446,Kelbee,Vuitte,kvuittecd@webnode.com,02/09/2012,19060,1004,5
447,Woody,Sandy,wsandyce@prweb.com,10/19/2005,41004,1005,3
448,Ailina,Mewe,amewecf@redcross.org,05/30/2002,24152,1003,4
449,Vern,Dominelli,vdominellicg@twitter.com,10/31/2002,36714,1003,3
450,Auberta,Barbery,abarberych@auda.org.au,05/29/2017,17544,1007,4
451,Frants,Costy,fcostyci@tmall.com,04/21/2011,20778,1009,3
452,Xylia,Higginbottam,xhigginbottamcj@blinklist.com,07/12/2003,35900,1006,4
453,Dorolisa,Chopy,dchopyck@de.vu,08/20/2013,49606,1010,4
454,Issy,Luckings,iluckingscl@accuweather.com,09/11/2018,49877,1001,4
455,Sybila,Flade,sfladecm@nba.com,01/05/2017,21425,1008,3
456,Penrod,Jakobssen,pjakobssencn@utexas.edu,11/01/2019,32513,1010,1
457,Alejandrina,Whitwood,awhitwoodco@harvard.edu,12/21/2005,23450,1008,4
458,Merrill,Hoggan,mhoggancp@irs.gov,12/09/2002,15868,1009,2
459,Karee,Hakewell,khakewellcq@xinhuanet.com,04/23/2013,38163,1007,4
460,Cindee,Oels,coelscr@deliciousdays.com,09/30/2019,44772,1002,1
461,Uriel,Rumens,urumenscs@china.com.cn,01/04/2011,19934,1010,3
462,Goldie,Brood,gbroodct@1und1.de,01/18/2006,18728,1003,1
463,Vikky,Alderman,valdermancu@cyberchimps.com,02/05/2004,12571,1002,3
464,Helga,Reisenberg,hreisenbergcv@irs.gov,08/11/2026,36096,1010,3
465,Dannye,Maleney,dmaleneycw@angelfire.com,05/29/2007,39912,1007,5
466,Josephina,Schulkins,jschulkinscx@shutterfly.com,01/24/2022,24978,1002,1
467,Jillian,Tanguy,jtanguycy@washingtonpost.com,10/30/2023,18155,1001,3
468,Arlinda,Houseley,ahouseleycz@shareasale.com,10/13/2024,17968,1007,1
469,Judd,Alten,jaltend0@goodreads.com,11/04/2007,10395,1009,1
470,Emmet,Verne,everned1@unblog.fr,04/06/2019,18069,1002,5
471,Alayne,Meecher,ameecherd2@census.gov,10/19/2015,28187,1009,2
472,Kaspar,Figgen,kfiggend3@shareasale.com,03/30/2001,21590,1010,3
473,Carly,Tippett,ctippettd4@altervista.org,12/22/2026,11241,1007,4
474,Aile,Matzke,amatzked5@techcrunch.com,09/04/2013,22019,1002,4
475,Pamela,Allsobrook,pallsobrookd6@comcast.net,04/18/2019,43943,1006,3
476,Eryn,Stoggell,estoggelld7@skype.com,05/16/2001,26321,1009,4
477,Lainey,Erdes,lerdesd8@vistaprint.com,04/12/2016,45952,1006,4
478,Duane,Knight,dknightd9@nih.gov,04/30/2016,20392,1006,5
479,Shaun,Napper,snapperda@newyorker.com,03/21/2003,16639,1009,5
480,Clayborne,Crottagh,ccrottaghdb@1688.com,11/29/2022,19469,1001,5
481,Agna,Muttitt,amuttittdc@economist.com,09/12/2028,38255,1004,1
482,Elliot,Castiglione,ecastiglionedd@skype.com,10/01/2029,10271,1010,1
483,Melisent,Quan,mquande@google.ru,07/02/2017,35327,1001,4
484,Duffie,Laflin,dlaflindf@stanford.edu,08/15/2017,18864,1003,2
485,Jeanie,Sey,jseydg@about.com,09/13/2021,24914,1009,5
486,Cassondra,Malcher,cmalcherdh@cnbc.com,02/26/2010,26241,1001,1
487,Vinita,Thorowgood,vthorowgooddi@forbes.com,07/18/2018,21949,1005,1
488,Rudiger,Tinklin,rtinklindj@ezinearticles.com,07/03/2019,10331,1009,2
489,Kelsy,Greeding,kgreedingdk@shareasale.com,12/05/2015,25368,1010,3
490,Peter,Carlucci,pcarluccidl@blog.com,07/01/2025,16387,1003,4
491,Kelli,Carruth,kcarruthdm@chronoengine.com,09/08/2006,33808,1001,1
492,Ramsey,Murrey,rmurreydn@icq.com,01/26/2000,40752,1009,5
493,Rita,Vaz,rvazdo@shop-pro.jp,07/04/2018,40486,1007,5
494,Gaby,Avrahamov,gavrahamovdp@howstuffworks.com,11/15/2004,28506,1003,5
495,Debee,Le Barr,dlebarrdq@quantcast.com,09/23/2007,40088,1009,5
496,Pepita,Aldus,paldusdr@mashable.com,05/02/2012,34154,1007,3
497,Molli,Ainslie,mainslieds@accuweather.com,10/06/2006,30491,1009,4
498,Darwin,Cobbled,dcobbleddt@google.co.uk,03/10/2009,40247,1004,5
499,Edvard,Ambroisin,eambroisindu@prnewswire.com,09/22/2025,10573,1002,4
500,Nanci,Cruse,ncrusedv@angelfire.com,09/21/2010,38720,1009,5
501,Helen,Sandilands,hsandilandsdw@wordpress.com,11/18/2014,46484,1001,2
502,Elias,Hallan,ehallandx@ezinearticles.com,06/20/2023,30386,1006,3
503,Marmaduke,Daltry,mdaltrydy@cyberchimps.com,10/11/2011,22851,1004,3
504,Shani,Livett,slivettdz@goo.ne.jp,07/12/2008,41528,1004,3
505,Abbe,Rubi,arubie0@marriott.com,10/17/2010,41811,1006,2
506,Berthe,Biddlestone,bbiddlestonee1@github.io,12/06/2020,13099,1006,2
507,Jarid,Grundy,jgrundye2@nasa.gov,09/13/2020,33393,1004,4
508,Kate,Tadgell,ktadgelle3@yellowpages.com,12/30/2023,18132,1003,2
509,Dalenna,Ocheltree,docheltreee4@mashable.com,10/16/2001,26817,1009,1
510,Hobard,Sabine,hsabinee5@live.com,06/03/2006,24721,1007,1
511,Wes,Bachelor,wbachelore6@jalbum.net,02/03/2010,10164,1005,3
512,Marie-ann,Biasotti,mbiasottie7@wikipedia.org,01/08/2010,40067,1004,4
513,Quill,Pellitt,qpellitte8@japanpost.jp,01/04/2017,27888,1001,2
514,Wesley,Riggott,wriggotte9@slashdot.org,04/06/2023,45410,1004,1
515,Adorne,Haston,ahastonea@tinyurl.com,04/21/2026,39601,1010,2
516,Mano,Tremolieres,mtremoliereseb@wsj.com,04/11/2018,15187,1004,1
517,Cesar,Antonin,cantoninec@discuz.net,02/29/2012,11806,1002,3
518,Terry,Somerled,tsomerleded@go.com,12/02/2024,42135,1001,4
519,Bartholomeo,Downage,bdownageee@unesco.org,07/30/2014,27800,1001,1
520,Shermie,Impleton,simpletonef@pen.io,08/06/2027,34134,1002,2
521,Kylynn,Barajas,kbarajaseg@ucsd.edu,05/22/2009,21363,1007,4
522,Cletis,Daviot,cdavioteh@cpanel.net,07/27/2012,46683,1007,3
523,Karel,Brinkman,kbrinkmanei@mlb.com,03/02/2006,31919,1007,3
524,Alexander,Pratten,aprattenej@google.com,12/16/2029,46381,1004,3
525,Tatiania,Villa,tvillaek@sitemeter.com,03/10/2021,30221,1009,4
526,Ivett,Colliss,icollissel@addtoany.com,07/16/2000,19225,1006,4
527,Kania,Bowne,kbowneem@epa.gov,04/13/2025,20588,1007,3
528,Loretta,Neenan,lneenanen@oaic.gov.au,08/08/2000,14719,1006,3
529,Sandy,Loxly,sloxlyeo@va.gov,08/27/2027,38580,1004,3
530,Winston,Shew,wshewep@mtv.com,06/21/2009,12478,1008,4
531,Albert,McKitterick,amckitterickeq@nyu.edu,10/26/2007,39786,1004,2
532,Everard,Craine,ecraineer@booking.com,12/19/2025,18316,1004,5
533,Bartholomeus,Wardingly,bwardinglyes@latimes.com,07/08/2004,32342,1002,1
534,Hall,Petrelli,hpetrelliet@msn.com,07/02/2028,47217,1005,2
535,Salli,Rippingall,srippingalleu@wired.com,10/24/2028,47607,1006,3
536,Wilie,Heinssen,wheinssenev@tinyurl.com,08/14/2027,23088,1004,1
537,Shae,Avo,savoew@nymag.com,08/11/2016,14503,1006,4
538,Gearalt,Matthis,gmatthisex@yellowpages.com,10/26/2004,11291,1009,4
539,Ivett,Rigeby,irigebyey@wired.com,02/25/2008,16050,1005,4
540,Faustina,Cowwell,fcowwellez@elpais.com,12/17/2012,43413,1006,2
541,Linnet,Wainscot,lwainscotf0@elegantthemes.com,12/25/2007,23831,1007,4
542,Owen,Uttley,outtleyf1@statcounter.com,01/01/2028,40666,1004,5
543,Loydie,Durman,ldurmanf2@fc2.com,01/24/2029,14450,1002,1
544,Laura,Lindro,llindrof3@ning.com,03/31/2002,36563,1009,4
545,Darwin,Fussell,dfussellf4@cisco.com,12/28/2012,15020,1007,4
546,Karissa,Houndesome,khoundesomef5@scribd.com,11/10/2029,31600,1007,2
547,Chick,Petit,cpetitf6@wikispaces.com,07/21/2009,34983,1005,3
548,Katherine,Moncreiffe,kmoncreiffef7@bbc.co.uk,08/18/2022,48768,1002,1
549,Saunders,Gellan,sgellanf8@shareasale.com,12/27/2018,40851,1007,2
550,Thain,Imbrey,timbreyf9@mail.ru,12/07/2028,41102,1008,3
551,Maxim,Mitchelhill,mmitchelhillfa@examiner.com,07/16/2004,37640,1010,1
552,Hyatt,Ambrogetti,hambrogettifb@woothemes.com,02/16/2005,44044,1004,2
553,Manya,Sibthorpe,msibthorpefc@apple.com,09/20/2022,22875,1001,4
554,Gaven,Lannen,glannenfd@princeton.edu,01/30/2027,14021,1006,3
555,Kylila,Hundell,khundellfe@sitemeter.com,12/05/2028,11975,1009,1
556,Roobbie,Glenfield,rglenfieldff@desdev.cn,06/07/2027,13057,1008,5
557,Bill,Spadaro,bspadarofg@msu.edu,10/06/2013,25740,1004,4
558,Zsazsa,Bryers,zbryersfh@europa.eu,02/25/2011,32502,1004,2
559,Elianora,Bosley,ebosleyfi@ask.com,01/09/2026,42976,1007,3
560,Julieta,Eastwell,jeastwellfj@sun.com,08/12/2015,14277,1004,1
561,Lidia,Anglim,langlimfk@skyrock.com,01/23/2015,21647,1003,3
562,Onofredo,Riccelli,oriccellifl@paypal.com,08/31/2009,42605,1006,3
563,Athene,Guyer,aguyerfm@sohu.com,08/06/2020,43496,1010,3
564,Dreddy,Heiner,dheinerfn@free.fr,10/31/2018,47378,1003,3
565,Teddy,Raikes,traikesfo@google.ru,02/20/2019,10913,1002,3
566,Florri,Jansen,fjansenfp@gmpg.org,12/30/2027,19703,1007,5
567,Benny,Ludvigsen,bludvigsenfq@about.com,06/14/2001,47690,1009,1
568,Dot,Novotne,dnovotnefr@dagondesign.com,07/08/2016,17031,1004,1
569,Natividad,Hayworth,nhayworthfs@harvard.edu,06/29/2019,41334,1004,4
570,Loria,Whitloe,lwhitloeft@wikispaces.com,12/04/2007,24857,1005,3
571,Edd,Churchyard,echurchyardfu@elegantthemes.com,07/20/2003,33312,1005,5
572,Fitzgerald,Casarini,fcasarinifv@dailymail.co.uk,10/11/2026,16121,1005,5
573,Beverlee,Cheek,bcheekfw@printfriendly.com,05/28/2024,16028,1008,4
574,Arney,Crichley,acrichleyfx@t.co,06/25/2000,36363,1010,4
575,Dynah,Chieze,dchiezefy@aol.com,02/28/2020,40475,1008,4
576,Zedekiah,Nockolds,znockoldsfz@macromedia.com,12/05/2006,38548,1009,3
577,Ashia,Obey,aobeyg0@discovery.com,07/19/2003,19091,1010,5
578,Cinda,Anselmi,canselmig1@slideshare.net,08/23/2009,21994,1002,4
579,Marketa,Ealam,mealamg2@acquirethisname.com,07/29/2001,10432,1010,4
580,Chiquia,Songer,csongerg3@tinypic.com,06/06/2007,33393,1006,3
581,Lorrin,Stoll,lstollg4@istockphoto.com,05/27/2001,12727,1008,2
582,Betty,Monday,bmondayg5@ucsd.edu,08/25/2029,43429,1007,1
583,Whittaker,Druhan,wdruhang6@trellian.com,08/09/2014,25458,1001,2
584,Dorree,Marriage,dmarriageg7@fema.gov,11/07/2001,12764,1007,5
585,Alisa,McPake,amcpakeg8@comsenz.com,02/11/2025,44123,1009,5
586,Abel,Buzzing,abuzzingg9@mapquest.com,03/01/2014,22248,1010,5
587,Josey,Cisneros,jcisnerosga@ehow.com,05/13/2028,30129,1010,2
588,Lorens,Mowbury,lmowburygb@studiopress.com,12/01/2004,29012,1008,2
589,Averyl,Gerrill,agerrillgc@weebly.com,06/04/2008,12085,1003,4
590,Torrie,Dunrige,tdunrigegd@oakley.com,04/19/2026,15339,1009,4
591,Tedd,Spencer,tspencerge@photobucket.com,02/11/2006,39815,1007,4
592,Vaughn,Marcroft,vmarcroftgf@hubpages.com,04/05/2019,30355,1001,3
593,Bethany,Smitherham,bsmitherhamgg@ask.com,11/05/2001,25245,1002,3
594,Meg,Antoons,mantoonsgh@linkedin.com,12/31/2014,27822,1004,2
595,Tammi,Iwanowicz,tiwanowiczgi@jigsy.com,04/23/2024,12034,1010,5
596,Marion,Schmidt,mschmidtgj@mashable.com,11/20/2020,28729,1009,1
597,Evangeline,Goodwill,egoodwillgk@google.co.uk,11/02/2020,40796,1006,4
598,Rainer,Allsopp,rallsoppgl@state.tx.us,08/25/2006,21257,1010,2
599,Ronalda,O' Dooley,rodooleygm@icq.com,05/03/2017,10128,1008,3
600,Dell,Greenlies,dgreenliesgn@devhub.com,04/18/2006,36923,1010,5
601,Niki,Marvel,nmarvelgo@liveinternet.ru,07/22/2022,32967,1008,1
602,Alec,Youthed,ayouthedgp@kickstarter.com,10/21/2018,38041,1010,3
603,Beck,Abarough,babaroughgq@hexun.com,02/19/2000,39354,1006,1
604,Wolf,Adamthwaite,wadamthwaitegr@ftc.gov,12/14/2011,10616,1002,5
605,Sidnee,Vallerine,svallerinegs@nasa.gov,08/05/2004,33918,1010,4
606,Korella,Glader,kgladergt@spotify.com,10/16/2016,43172,1007,3
607,Lew,Pedron,lpedrongu@bizjournals.com,07/11/2012,26794,1002,3
608,Trevar,Northbridge,tnorthbridgegv@nps.gov,07/06/2016,36246,1001,1
609,Leigh,Fulks,lfulksgw@wp.com,02/27/2000,36624,1007,1
610,Omar,Brunke,obrunkegx@washington.edu,01/08/2009,13452,1001,3
611,Imelda,McRorie,imcroriegy@theguardian.com,05/03/2005,13369,1010,3
612,Claudine,Naulty,cnaultygz@wix.com,08/10/2025,25691,1006,5
613,Clint,Geroldi,cgeroldih0@ifeng.com,03/07/2020,38551,1001,3
614,Alameda,Forlong,aforlongh1@51.la,07/18/2002,17228,1005,1
615,Fransisco,Dowthwaite,fdowthwaiteh2@behance.net,11/09/2026,23006,1005,2
616,Sharyl,Whebell,swhebellh3@nasa.gov,01/29/2016,31885,1009,4
617,Delia,Magnay,dmagnayh4@cdc.gov,12/14/2021,20847,1009,3
618,Thaine,Borley,tborleyh5@noaa.gov,05/03/2022,40013,1004,1
619,Eward,Tuther,etutherh6@myspace.com,11/14/2001,23110,1001,3
620,Regine,Weavill,rweavillh7@cmu.edu,12/01/2024,47355,1005,3
621,Bronny,Chasmor,bchasmorh8@discuz.net,08/12/2027,19051,1002,5
622,Harwell,Limpertz,hlimpertzh9@i2i.jp,10/23/2018,39160,1007,2
623,Alysa,Trippack,atrippackha@stumbleupon.com,04/17/2007,36308,1009,1
624,Lamond,Gosford,lgosfordhb@marriott.com,10/05/2001,44548,1006,3
625,Yehudit,Heintsch,yheintschhc@odnoklassniki.ru,09/12/2009,15771,1009,1
626,Ameline,Breyt,abreythd@rediff.com,04/11/2029,40438,1007,3
627,Lyndsay,Casperri,lcasperrihe@google.it,02/06/2027,10981,1006,1
628,Trudi,Stockings,tstockingshf@wikispaces.com,11/09/2025,46663,1010,5
629,Selby,Bertwistle,sbertwistlehg@va.gov,05/09/2028,26719,1002,3
630,Janis,Fieldgate,jfieldgatehh@gnu.org,11/14/2023,20325,1007,5
631,Dyanne,Thredder,dthredderhi@constantcontact.com,04/07/2011,13242,1007,3
632,Claudina,Gregersen,cgregersenhj@globo.com,04/29/2012,48070,1008,5
633,Whit,Skurm,wskurmhk@com.com,02/28/2027,13485,1002,5
634,Mitchel,Turmall,mturmallhl@princeton.edu,07/28/2002,15733,1001,1
635,Hughie,Kubiczek,hkubiczekhm@free.fr,12/01/2007,34806,1007,3
636,Ben,Novichenko,bnovichenkohn@xrea.com,01/12/2021,10250,1004,1
637,Mathe,Pounds,mpoundsho@mtv.com,01/06/2023,12910,1010,1
638,Meredithe,Erricker,merrickerhp@amazon.com,12/31/2005,48971,1009,4
639,Serge,Cuberley,scuberleyhq@blogspot.com,01/20/2004,12074,1003,1
640,Brandice,Kubis,bkubishr@xinhuanet.com,08/23/2020,16146,1010,1
641,Lindy,Hegley,lhegleyhs@illinois.edu,07/25/2001,20285,1001,3
642,Meg,Berndt,mberndtht@google.es,06/18/2012,11967,1002,5
643,Gilligan,McKerron,gmckerronhu@google.pl,10/03/2008,32208,1005,4
644,Sam,Weson,swesonhv@house.gov,10/05/2007,37178,1002,3
645,Dewitt,Dyke,ddykehw@4shared.com,10/30/2021,11844,1003,5
646,Lyn,Westwater,lwestwaterhx@free.fr,04/14/2029,15987,1007,2
647,Geoffry,Harrema,gharremahy@wikimedia.org,05/13/2001,39747,1004,5
648,Reggis,Becom,rbecomhz@latimes.com,03/10/2017,16930,1001,3
649,Charlean,Lindbergh,clindberghi0@forbes.com,03/03/2008,12974,1010,4
650,Elwyn,Maryott,emaryotti1@sina.com.cn,03/04/2010,13458,1002,3
651,Kennie,Valance,kvalancei2@elpais.com,08/22/2027,21738,1005,3
652,Welch,Labusquiere,wlabusquierei3@marketwatch.com,01/20/2027,46156,1010,1
653,Brucie,Kleine,bkleinei4@tiny.cc,02/13/2012,18499,1006,1
654,Zorina,Kubista,zkubistai5@disqus.com,07/23/2027,45198,1002,2
655,Hyacinthie,Denisovo,hdenisovoi6@dyndns.org,11/23/2025,37673,1005,2
656,Davidde,Loidl,dloidli7@artisteer.com,07/09/2006,48370,1003,5
657,Immanuel,Edmands,iedmandsi8@mayoclinic.com,07/04/2010,21865,1007,4
658,Jecho,Boyan,jboyani9@dion.ne.jp,09/17/2018,36188,1003,4
659,Lynnelle,Cullinan,lcullinania@census.gov,03/06/2026,10967,1003,5
660,Coralie,Inman,cinmanib@1und1.de,12/07/2022,29323,1007,2
661,Alwyn,Iacovone,aiacovoneic@cpanel.net,08/04/2017,36573,1001,4
662,Marci,Wetherburn,mwetherburnid@fda.gov,07/01/2003,37175,1007,3
663,Meridith,Layson,mlaysonie@skype.com,07/14/2029,44309,1003,1
664,Sylas,Moretto,smorettoif@dell.com,04/29/2003,28066,1008,3
665,Page,McKeon,pmckeonig@hexun.com,04/28/2020,17837,1004,3
666,Benjy,Lanyon,blanyonih@nbcnews.com,02/15/2013,13176,1004,4
667,Mel,Keelinge,mkeelingeii@omniture.com,10/10/2019,46837,1003,3
668,Tani,Hovel,thovelij@jugem.jp,01/23/2023,18502,1003,2
669,Braden,Mounsie,bmounsieik@printfriendly.com,04/10/2005,35802,1010,3
670,Max,Oguz,moguzil@mapquest.com,10/09/2007,12889,1008,5
671,Andree,Jachimiak,ajachimiakim@networkadvertising.org,11/12/2001,24883,1001,4
672,Carroll,McNiven,cmcnivenin@sogou.com,12/15/2012,24357,1008,3
673,Matt,Kennard,mkennardio@sourceforge.net,03/03/2023,24013,1003,5
674,Denver,Ratnege,dratnegeip@hud.gov,12/02/2012,20423,1009,3
675,Sheena,Hechlin,shechliniq@purevolume.com,02/24/2003,45539,1010,4
676,Lydie,Budd,lbuddir@nba.com,01/08/2028,39330,1002,2
677,Minette,Robken,mrobkenis@360.cn,10/24/2027,23336,1008,1
678,Mercy,Orfeur,morfeurit@huffingtonpost.com,12/08/2018,16940,1001,1
679,Bella,Cristofanini,bcristofaniniiu@sbwire.com,11/25/2025,33871,1008,4
680,Monty,O'Daly,modalyiv@mozilla.org,11/11/2024,39197,1008,3
681,Evanne,Anfosso,eanfossoiw@mozilla.org,02/17/2023,47128,1004,2
682,Woodman,Gantzman,wgantzmanix@fda.gov,04/02/2019,43978,1009,3
683,Shirl,Cersey,scerseyiy@narod.ru,10/19/2018,43537,1001,5
684,Phaedra,Dadley,pdadleyiz@360.cn,12/08/2008,18075,1003,4
685,Rhodia,Bulfoot,rbulfootj0@privacy.gov.au,01/16/2001,38964,1009,4
686,Quill,Hufton,qhuftonj1@hp.com,08/07/2028,11958,1005,5
687,Perla,Bagehot,pbagehotj2@pbs.org,11/28/2028,44999,1008,4
688,Gillan,De Anesy,gdeanesyj3@jugem.jp,03/28/2010,16470,1009,2
689,Chrissie,Feedome,cfeedomej4@bbc.co.uk,01/07/2016,27330,1006,3
690,Tova,Kibbey,tkibbeyj5@google.com.hk,10/12/2008,35849,1006,5
691,Binni,Pursey,bpurseyj6@plala.or.jp,11/24/2004,31917,1008,5
692,Beth,Wotherspoon,bwotherspoonj7@ycombinator.com,09/14/2013,39864,1009,4
693,Jeffrey,Indruch,jindruchj8@nps.gov,06/12/2029,26568,1004,5
694,Desirae,Thieme,dthiemej9@delicious.com,02/05/2018,26283,1004,2
695,Grantham,Sambeck,gsambeckja@phoca.cz,11/18/2009,23635,1010,1
696,Hanson,Lewtey,hlewteyjb@weebly.com,04/04/2025,41250,1007,4
697,Kally,Fraine,kfrainejc@php.net,09/13/2017,19764,1005,5
698,Kalvin,Hebblewaite,khebblewaitejd@wired.com,04/09/2002,18181,1003,5
699,Mathew,Cardenas,mcardenasje@shareasale.com,09/02/2028,31373,1005,3
700,Alvera,O'Cahsedy,aocahsedyjf@yelp.com,09/07/2000,20179,1006,4
701,Vivyanne,Bachshell,vbachshelljg@simplemachines.org,12/27/2005,13072,1006,5
702,Blanch,Meanwell,bmeanwelljh@biblegateway.com,06/27/2016,48234,1004,4
703,Merv,Makepeace,mmakepeaceji@fda.gov,12/17/2016,24003,1003,4
704,Noellyn,Grigoletti,ngrigolettijj@washington.edu,09/23/2008,35970,1009,2
705,Jeromy,Coppock.,jcoppockjk@seesaa.net,03/09/2029,38665,1001,5
706,Baron,Cankett,bcankettjl@chron.com,08/13/2029,47332,1003,4
707,Katleen,Angrick,kangrickjm@mozilla.org,12/24/2021,37223,1006,1
708,Alic,Portress,aportressjn@nsw.gov.au,12/31/2005,37750,1010,2
709,Wolfie,Hannis,whannisjo@techcrunch.com,11/09/2018,33995,1008,4
710,Jeff,Stonary,jstonaryjp@google.co.jp,05/18/2012,11806,1010,2
711,Rochester,Rosbottom,rrosbottomjq@alexa.com,11/23/2021,29384,1002,3
712,Noel,Arnot,narnotjr@prlog.org,09/05/2014,46623,1006,2
713,Dayna,Lightbourne,dlightbournejs@irs.gov,03/16/2025,33985,1006,2
714,Evey,Shaw,eshawjt@webnode.com,06/23/2010,22277,1002,3
715,Saloma,McCaskill,smccaskillju@utexas.edu,03/15/2024,20987,1004,5
716,Salem,Extal,sextaljv@auda.org.au,08/23/2006,20978,1001,5
717,Orv,McCuffie,omccuffiejw@blog.com,03/11/2025,30353,1006,4
718,Selena,Simoncini,ssimoncinijx@so-net.ne.jp,10/28/2000,22975,1008,2
719,Gusty,Gainfort,ggainfortjy@fotki.com,12/20/2026,18796,1001,3
720,Harley,Crathorne,hcrathornejz@flickr.com,10/01/2006,40489,1009,3
721,Ferdy,Torrance,ftorrancek0@addthis.com,09/08/2007,31020,1005,3
722,Hedvig,Polden,hpoldenk1@nasa.gov,12/09/2008,41566,1004,5
723,Yancey,Volker,yvolkerk2@engadget.com,03/17/2026,20631,1004,1
724,Ruperta,Kitchinham,rkitchinhamk3@theatlantic.com,02/01/2015,26008,1007,4
725,Selby,Blackmoor,sblackmoork4@nih.gov,01/25/2004,31435,1005,2
726,Sashenka,Oscroft,soscroftk5@merriam-webster.com,03/07/2024,31836,1009,2
727,Seline,Troucher,stroucherk6@amazon.com,12/28/2023,44871,1006,1
728,Keriann,Aldcorne,kaldcornek7@answers.com,04/23/2001,15107,1003,3
729,Tito,Polkinhorn,tpolkinhornk8@harvard.edu,07/21/2003,40208,1005,5
730,Helena,Paolo,hpaolok9@phoca.cz,01/15/2003,49195,1006,1
731,Danny,Briscoe,dbriscoeka@amazon.co.jp,09/01/2024,36706,1001,2
732,Beaufort,Asel,baselkb@uol.com.br,04/14/2028,22368,1005,3
733,Aila,Hartright,ahartrightkc@geocities.com,09/22/2024,25339,1010,3
734,Corie,Franklin,cfranklinkd@mozilla.org,01/13/2007,39760,1009,5
735,Sebastien,Jirek,sjirekke@wikimedia.org,07/12/2025,43952,1004,3
736,Mathilde,Hadgraft,mhadgraftkf@chronoengine.com,02/19/2011,46999,1001,5
737,Nonah,Sargint,nsargintkg@slate.com,06/05/2024,28086,1004,5
738,Florinda,Binney,fbinneykh@jigsy.com,01/30/2017,12314,1010,3
739,Darrelle,Pruce,dpruceki@nasa.gov,01/05/2029,32970,1003,2
740,Clemmie,Huxham,chuxhamkj@wordpress.org,05/15/2025,10107,1002,3
741,Elinor,Westley,ewestleykk@washingtonpost.com,05/24/2026,27691,1005,4
742,Mellisa,Harkin,mharkinkl@bluehost.com,09/03/2021,24493,1010,3
743,Alfredo,O'Rudden,aoruddenkm@ifeng.com,06/21/2026,18601,1005,2
744,Gustaf,Fantini,gfantinikn@ucsd.edu,05/26/2020,21023,1009,1
745,Ailina,Le Barr,alebarrko@behance.net,12/26/2013,31002,1004,1
746,Welch,Stedell,wstedellkp@salon.com,01/31/2028,18125,1004,5
747,Lucie,Noseworthy,lnoseworthykq@ed.gov,07/22/2019,13694,1004,1
748,Ramona,Haliday,rhalidaykr@chronoengine.com,01/08/2026,10891,1007,4
749,Merwin,Shimwall,mshimwallks@dailymotion.com,05/20/2008,40370,1004,3
750,Ira,Chezier,ichezierkt@about.com,09/29/2029,48077,1007,5
751,Tedman,Jurek,tjurekku@vistaprint.com,10/08/2022,45289,1005,4
752,Forster,Paxeford,fpaxefordkv@qq.com,01/23/2018,43532,1003,5
753,Lily,Upstone,lupstonekw@wikimedia.org,08/29/2021,21830,1005,3
754,Kerby,Poynton,kpoyntonkx@ucoz.ru,07/02/2029,23124,1004,2
755,Ivie,Pestor,ipestorky@scientificamerican.com,03/17/2027,12521,1009,2
756,Emlen,Kamen,ekamenkz@typepad.com,12/13/2008,30508,1010,3
757,Carolyne,Corteis,ccorteisl0@joomla.org,01/24/2018,10395,1006,5
758,Alica,Loughney,aloughneyl1@howstuffworks.com,06/16/2007,42505,1001,2
759,Marybelle,Conybear,mconybearl2@cam.ac.uk,10/10/2026,47855,1008,3
760,Starr,Jollye,sjollyel3@naver.com,03/23/2022,17490,1004,5
761,Robina,Acors,racorsl4@cafepress.com,10/05/2018,21788,1003,3
762,Iver,Ewers,iewersl5@google.com.hk,11/30/2026,36406,1004,2
763,Gilburt,Camoletto,gcamolettol6@netscape.com,06/13/2026,40669,1005,3
764,Roman,Hardes,rhardesl7@people.com.cn,10/02/2010,20041,1005,3
765,Mahmoud,Sancroft,msancroftl8@salon.com,08/21/2017,30532,1009,4
766,Doroteya,Dennison,ddennisonl9@bing.com,03/28/2004,45393,1003,5
767,Arin,Dauncey,adaunceyla@amazon.co.jp,07/16/2014,16900,1004,1
768,Lexy,Di Giorgio,ldigiorgiolb@tamu.edu,01/12/2012,44071,1004,2
769,Weylin,Bernaldez,wbernaldezlc@slashdot.org,08/22/2003,48887,1006,2
770,Marsha,Ackwood,mackwoodld@nbcnews.com,09/17/2008,18777,1003,4
771,Linea,Denniston,ldennistonle@businesswire.com,03/17/2008,33280,1001,5
772,Waldo,Di Pietro,wdipietrolf@squarespace.com,08/19/2005,28483,1003,5
773,Ambrosius,Sandells,asandellslg@adobe.com,07/31/2012,46644,1007,4
774,Aloysia,Wilgar,awilgarlh@newsvine.com,02/14/2016,16662,1003,5
775,Townsend,Obington,tobingtonli@unesco.org,04/02/2026,24825,1002,2
776,Dunn,Fasse,dfasselj@macromedia.com,07/10/2011,13039,1003,4
777,Rodrigo,Beller,rbellerlk@histats.com,08/20/2008,38856,1009,5
778,Netta,Voelker,nvoelkerll@blog.com,09/10/2020,41423,1001,1
779,Vilhelmina,Rawdall,vrawdalllm@1und1.de,06/02/2019,43993,1002,2
780,Glenine,Shilito,gshilitoln@cocolog-nifty.com,05/26/2004,11995,1003,3
781,Efrem,Chave,echavelo@oaic.gov.au,09/25/2029,27190,1008,4
782,Kylie,Crickett,kcrickettlp@bloomberg.com,07/24/2015,44237,1008,2
783,Felipa,Gillson,fgillsonlq@ameblo.jp,01/18/2029,49234,1004,5
784,Monti,Tempest,mtempestlr@webs.com,08/19/2018,46424,1009,3
785,Junette,Wakeling,jwakelingls@wix.com,08/20/2006,32146,1005,5
786,Juliann,Oulet,jouletlt@vimeo.com,05/03/2029,47150,1006,4
787,Orrin,MacLachlan,omaclachlanlu@telegraph.co.uk,12/11/2000,49737,1008,5
788,Idalia,Bratten,ibrattenlv@domainmarket.com,05/28/2007,16640,1006,2
789,Emily,Morsley,emorsleylw@wunderground.com,07/31/2021,24221,1010,4
790,Eada,Tawton,etawtonlx@telegraph.co.uk,03/08/2017,22637,1010,2
791,Clerkclaude,Brownjohn,cbrownjohnly@tinypic.com,06/29/2020,28820,1006,2
792,Ophelie,Beevens,obeevenslz@ucoz.com,03/15/2000,26288,1009,5
793,Audrey,Collis,acollism0@g.co,09/19/2001,45640,1010,5
794,Brigid,Everwin,beverwinm1@slashdot.org,01/15/2014,26412,1004,4
795,Paula,Picknett,ppicknettm2@blogspot.com,07/31/2008,30562,1006,2
796,Klarrisa,Springate,kspringatem3@theatlantic.com,02/02/2021,24352,1004,1
797,Heidi,Shegog,hshegogm4@sogou.com,03/22/2022,22865,1003,2
798,Mia,Sherebrooke,msherebrookem5@github.com,01/19/2013,40653,1005,3
799,Ted,Moorman,tmoormanm6@vk.com,12/01/2025,21778,1003,2
800,Amara,Croke,acrokem7@wunderground.com,01/13/2020,27921,1008,3
801,Brion,Loades,bloadesm8@fda.gov,05/06/2007,34281,1006,4
802,Serge,Medforth,smedforthm9@wordpress.org,02/11/2015,43947,1006,4
803,Glad,Cardinale,gcardinalema@cmu.edu,05/07/2017,41227,1003,4
804,Rolfe,Wybrew,rwybrewmb@ihg.com,04/23/2018,49037,1002,4
805,Dulcea,Tantum,dtantummc@last.fm,06/13/2017,14365,1003,4
806,Heather,Tyers,htyersmd@dedecms.com,02/24/2018,32818,1002,4
807,Dorelle,Runcieman,drunciemanme@qq.com,03/06/2007,49615,1006,5
808,Caresa,Baugh,cbaughmf@china.com.cn,08/07/2015,16319,1006,3
809,Nicholle,Gunda,ngundamg@ocn.ne.jp,10/01/2003,45864,1006,5
810,Osborne,Feander,ofeandermh@tmall.com,03/16/2014,43558,1010,5
811,Devin,Giorgione,dgiorgionemi@earthlink.net,09/13/2020,12127,1010,3
812,Edd,Costelloe,ecostelloemj@plala.or.jp,06/26/2001,18592,1002,5
813,Marji,McCane,mmccanemk@google.pl,05/18/2028,36879,1007,1
814,Verine,Orviss,vorvissml@bbc.co.uk,01/14/2026,24096,1006,4
815,Dyanna,Di Dello,ddidellomm@flavors.me,08/29/2020,34314,1010,1
816,Kettie,Vasilic,kvasilicmn@mapy.cz,01/14/2020,21975,1007,5
817,Teddy,Mulligan,tmulliganmo@goo.gl,06/11/2010,34751,1008,5
818,Jess,Norcock,jnorcockmp@cafepress.com,11/02/2003,33361,1004,5
819,Sophie,Carous,scarousmq@alibaba.com,07/15/2020,18072,1003,5
820,Merline,Blythin,mblythinmr@mashable.com,06/10/2028,39727,1008,3
821,Nomi,Lampet,nlampetms@themeforest.net,12/16/2021,34046,1008,2
822,Mag,Gusticke,mgustickemt@list-manage.com,04/23/2005,38299,1005,1
823,Bari,Mordue,bmorduemu@soup.io,09/04/2012,41366,1007,2
824,Joella,Foux,jfouxmv@angelfire.com,10/31/2028,22224,1008,5
825,Rockwell,Struttman,rstruttmanmw@sfgate.com,11/17/2018,18424,1005,2
826,Cayla,Uren,curenmx@google.com.hk,08/19/2003,28264,1002,2
827,Stewart,Woodroof,swoodroofmy@tripod.com,10/01/2024,29904,1007,4
828,Thorvald,Rubinsky,trubinskymz@issuu.com,03/13/2009,15941,1008,2
829,Martha,Battista,mbattistan0@symantec.com,12/16/2028,14076,1002,4
830,Estele,Bassil,ebassiln1@cbsnews.com,09/12/2016,38206,1010,2
831,Leelah,Attridge,lattridgen2@shareasale.com,07/14/2003,47892,1001,4
832,Smith,Quinsee,squinseen3@dailymotion.com,07/05/2000,17083,1008,3
833,Malory,Gencke,mgencken4@51.la,05/13/2015,13753,1005,4
834,Alford,Philpin,aphilpinn5@fastcompany.com,03/22/2020,33696,1007,5
835,Erma,Broadberry,ebroadberryn6@google.ca,09/14/2014,30345,1010,1
836,Bev,Armiger,barmigern7@last.fm,02/25/2012,25098,1002,4
837,Phil,Isbell,pisbelln8@fc2.com,12/05/2029,36530,1003,3
838,Tamara,Aiton,taitonn9@thetimes.co.uk,06/01/2020,34752,1006,2
839,Adelheid,Kington,akingtonna@hud.gov,06/03/2015,10663,1008,3
840,Pearla,O'Keaveny,pokeavenynb@themeforest.net,09/02/2020,39109,1008,4
841,Bliss,Dun,bdunnc@vinaora.com,12/21/2019,25064,1005,1
842,Torrey,Lissett,tlissettnd@wordpress.com,06/12/2017,10548,1004,3
843,Robbin,Foyster,rfoysterne@yellowbook.com,06/14/2000,43269,1002,1
844,Kimberley,ffrench Beytagh,kffrenchbeytaghnf@howstuffworks.com,10/19/2020,21917,1004,4
845,Emilio,Wing,ewingng@businessweek.com,02/06/2015,14234,1001,4
846,Carling,Haack,chaacknh@yellowbook.com,04/16/2023,22988,1003,3
847,Cord,Pharaoh,cpharaohni@hao123.com,05/08/2002,11750,1004,3
848,Karlik,Haydon,khaydonnj@slideshare.net,11/16/2002,18182,1008,3
849,Vanny,Douse,vdousenk@gizmodo.com,11/16/2028,38359,1008,2
850,Isac,Learmond,ilearmondnl@addthis.com,04/12/2019,46159,1008,5
851,Allin,Ivasyushkin,aivasyushkinnm@umn.edu,01/25/2008,10923,1007,1
852,Dion,Marciek,dmarcieknn@sina.com.cn,02/17/2014,35922,1001,4
853,Bevan,Baigrie,bbaigrieno@plala.or.jp,09/22/2018,42509,1002,3
854,Steve,Chowne,schownenp@hc360.com,10/08/2017,27605,1005,4
855,Audi,Rubinfeld,arubinfeldnq@dot.gov,06/19/2029,45095,1008,3
856,Barbi,Vedstra,bvedstranr@qq.com,10/08/2000,34420,1008,3
857,Orazio,Zecchinii,ozecchiniins@scribd.com,11/22/2010,20609,1009,3
858,Nicola,Dict,ndictnt@gnu.org,01/20/2019,13465,1001,4
859,Berton,Parlet,bparletnu@soup.io,03/11/2021,22831,1008,2
860,Milt,Sammon,msammonnv@about.com,04/23/2004,30193,1005,5
861,Josepha,Leuren,jleurennw@goodreads.com,04/18/2024,34214,1002,1
862,Kevan,Chatel,kchatelnx@myspace.com,12/08/2018,36775,1005,1
863,Caty,Habishaw,chabishawny@miitbeian.gov.cn,02/20/2005,15086,1002,2
864,Gabie,Spring,gspringnz@dmoz.org,11/03/2018,13535,1003,5
865,Leo,Savaage,lsavaageo0@dailymail.co.uk,06/12/2019,31785,1005,1
866,Carmina,Speek,cspeeko1@smugmug.com,07/18/2013,42109,1008,4
867,Gusella,Rawlison,grawlisono2@com.com,08/28/2021,27243,1004,4
868,Mariska,Barnwall,mbarnwallo3@tamu.edu,12/29/2006,35966,1008,3
869,Glendon,Filyushkin,gfilyushkino4@ifeng.com,07/25/2009,47986,1001,4
870,Dulce,Bromby,dbrombyo5@xrea.com,01/21/2020,30538,1009,4
871,Hermy,Kinsman,hkinsmano6@goodreads.com,04/28/2017,35732,1002,3
872,Raffarty,Tax,rtaxo7@geocities.jp,02/26/2011,40211,1004,1
873,Afton,Kearns,akearnso8@zimbio.com,11/19/2017,32372,1001,3
874,Tamma,Lovekin,tlovekino9@a8.net,12/22/2026,39849,1003,4
875,Redford,Batalini,rbatalinioa@cnbc.com,10/20/2008,19286,1005,4
876,Uriah,Dericot,udericotob@mapquest.com,04/22/2010,10467,1006,3
877,Jaime,O'Hengerty,johengertyoc@sakura.ne.jp,06/01/2009,30363,1002,5
878,Elbertine,Batha,ebathaod@indiatimes.com,02/29/2012,36135,1008,4
879,Lilas,Aishford,laishfordoe@blogs.com,08/24/2018,37182,1004,3
880,Jerrilyn,Lintin,jlintinof@timesonline.co.uk,12/31/2017,31086,1009,1
881,Padget,Duffil,pduffilog@yahoo.com,12/05/2008,49828,1005,5
882,Cathrin,MacMychem,cmacmychemoh@nytimes.com,09/10/2028,47527,1006,4
883,Brigg,Linck,blinckoi@amazon.com,10/15/2013,43001,1006,2
884,Kamillah,Baly,kbalyoj@g.co,03/24/2029,13391,1008,2
885,Ive,Caldecutt,icaldecuttok@craigslist.org,01/29/2020,38495,1006,3
886,Devin,Hehir,dhehirol@homestead.com,08/25/2021,30661,1004,5
887,Hadrian,Harmour,hharmourom@telegraph.co.uk,03/06/2019,18743,1001,4
888,Rafa,Gason,rgasonon@livejournal.com,12/25/2003,44080,1008,4
889,Weber,Dyshart,wdyshartoo@unc.edu,10/21/2016,35616,1009,4
890,Charmane,Flear,cflearop@google.fr,03/09/2008,30657,1005,2
891,Boone,Josefs,bjosefsoq@livejournal.com,05/24/2001,48495,1004,2
892,Joli,Coucha,jcouchaor@php.net,11/13/2023,28578,1010,3
893,Aylmer,Nelles,anellesos@slate.com,07/24/2019,22984,1004,3
894,Trixie,Markova,tmarkovaot@dmoz.org,10/13/2005,18489,1009,2
895,Saul,Marchello,smarchelloou@yandex.ru,02/07/2026,21502,1005,3
896,Eliot,Calway,ecalwayov@sun.com,06/23/2009,38717,1008,1
897,Chiquita,Andreolli,candreolliow@tuttocitta.it,12/24/2018,23286,1001,5
898,Trix,Purry,tpurryox@ucoz.ru,05/29/2020,12280,1008,5
899,Griz,Loudiane,gloudianeoy@google.ca,09/11/2003,40829,1004,3
900,Renelle,Gary,rgaryoz@house.gov,02/29/2012,46301,1004,2
901,Mac,Mapes,mmapesp0@msu.edu,01/11/2008,27111,1009,4
902,Lidia,Linch,llinchp1@nsw.gov.au,10/10/2011,10088,1010,4
903,Paten,Corkett,pcorkettp2@reverbnation.com,05/07/2023,27261,1006,2
904,Noel,Spurrier,nspurrierp3@bizjournals.com,09/21/2028,22882,1006,1
905,Dolli,Yglesias,dyglesiasp4@dion.ne.jp,11/15/2019,13022,1006,5
906,Gustie,Burbidge,gburbidgep5@ow.ly,01/18/2029,23679,1008,1
907,Barney,Varian,bvarianp6@jigsy.com,06/26/2019,20220,1007,2
908,Brent,Satterfitt,bsatterfittp7@bing.com,09/25/2018,30381,1002,5
909,Fletch,Fain,ffainp8@example.com,04/09/2022,22283,1010,5
910,Cristen,Klemenz,cklemenzp9@angelfire.com,04/23/2020,33359,1007,3
911,Mady,Geely,mgeelypa@phoca.cz,10/25/2016,32661,1001,2
912,Blondelle,Pardoe,bpardoepb@dropbox.com,05/11/2013,27304,1007,4
913,Booth,Yewdall,byewdallpc@google.cn,10/13/2026,47082,1005,3
914,Nonah,Eyes,neyespd@macromedia.com,10/30/2021,13871,1008,1
915,Doroteya,Tuxill,dtuxillpe@psu.edu,05/29/2005,29575,1006,3
916,Cointon,MacFadin,cmacfadinpf@simplemachines.org,02/12/2017,45979,1005,1
917,Drucy,Pisculli,dpiscullipg@usnews.com,09/02/2001,12776,1001,4
918,Sascha,Dyneley,sdyneleyph@tinypic.com,06/03/2017,22741,1008,4
919,Irving,Arnaldo,iarnaldopi@apache.org,11/22/2015,35483,1001,3
920,Carola,Abrahm,cabrahmpj@icq.com,03/05/2003,27338,1010,4
921,Chlo,Bellin,cbellinpk@gravatar.com,01/13/2025,46138,1005,2
922,Osbourne,Burnhill,oburnhillpl@blogs.com,02/21/2004,43765,1007,2
923,Henryetta,Mollison,hmollisonpm@eepurl.com,10/14/2027,23928,1002,2
924,Ninnette,Ede,nedepn@auda.org.au,11/13/2025,13112,1009,5
925,Mae,Fenne,mfennepo@tumblr.com,01/31/2024,45429,1009,4
926,Kingsly,Worledge,kworledgepp@dropbox.com,09/02/2015,29121,1005,4
927,Sharon,Dunston,sdunstonpq@archive.org,08/17/2013,45594,1007,5
928,Jeff,Clouter,jclouterpr@g.co,02/02/2024,27803,1008,5
929,Fee,Seston,fsestonps@nsw.gov.au,04/23/2028,21062,1002,4
930,Ibby,Burnside,iburnsidept@prweb.com,08/08/2014,23100,1002,1
931,Daniela,Titcombe,dtitcombepu@mysql.com,01/11/2021,22378,1002,3
932,Ian,Fisby,ifisbypv@netlog.com,11/16/2014,41869,1009,3
933,Catlin,MacAne,cmacanepw@geocities.com,05/17/2024,39842,1004,5
934,Abbey,Ibanez,aibanezpx@dedecms.com,08/28/2000,22825,1005,4
935,Petra,Scarlet,pscarletpy@mediafire.com,12/03/2029,15429,1001,3
936,Tobie,Abarough,tabaroughpz@go.com,04/30/2001,24532,1001,4
937,Winnie,McCarle,wmccarleq0@skyrock.com,09/29/2018,12880,1001,2
938,Silvio,Sherburn,ssherburnq1@smugmug.com,03/26/2019,30866,1002,4
939,Mendel,Radenhurst,mradenhurstq2@abc.net.au,01/11/2025,22550,1004,4
940,Avery,Duffield,aduffieldq3@networkadvertising.org,06/20/2007,23927,1001,3
941,Rufe,Godehard.sf,rgodehardsfq4@mozilla.org,06/29/2000,13188,1004,2
942,Caddric,Hallgate,challgateq5@state.tx.us,10/05/2013,27285,1010,2
943,Mehetabel,Mordy,mmordyq6@nsw.gov.au,01/09/2018,12092,1010,2
944,Jobina,Caiger,jcaigerq7@biglobe.ne.jp,12/18/2020,48252,1003,2
945,Barb,Fullalove,bfullaloveq8@live.com,01/20/2021,44792,1008,4
946,Liza,Kendred,lkendredq9@wordpress.org,10/13/2012,26479,1008,1
947,Prent,Keniwell,pkeniwellqa@flickr.com,12/30/2010,27640,1008,5
948,Reggis,Feather,rfeatherqb@blinklist.com,07/28/2003,15615,1008,1
949,Hashim,Tarzey,htarzeyqc@ucoz.ru,12/10/2013,35975,1009,5
950,Winnah,Toppin,wtoppinqd@mapy.cz,12/25/2008,26323,1005,2
951,Arnoldo,Iuorio,aiuorioqe@mapquest.com,06/06/2016,42205,1002,3
952,Haskell,Brigstock,hbrigstockqf@wordpress.org,06/25/2005,41172,1010,5
953,Orly,Moralas,omoralasqg@soundcloud.com,09/03/2008,11995,1007,3
954,Grier,Glavin,gglavinqh@cpanel.net,04/08/2010,31388,1002,2
955,Devin,Batchellor,dbatchellorqi@tripod.com,05/29/2001,20918,1003,1
956,Silvan,Ratter,sratterqj@ucsd.edu,09/14/2029,28321,1005,3
957,Frazer,Hudd,fhuddqk@imageshack.us,07/23/2013,40793,1002,3
958,Andris,Springham,aspringhamql@flickr.com,06/26/2007,46301,1003,5
959,Gerrie,Bettanay,gbettanayqm@state.gov,08/19/2020,43938,1003,3
960,Ronnica,Van der Brug,rvanderbrugqn@imgur.com,11/22/2020,45794,1002,1
961,Amby,Grasser,agrasserqo@dailymotion.com,12/16/2005,24032,1005,2
962,Mariette,Pruvost,mpruvostqp@exblog.jp,01/26/2005,22866,1004,3
963,Alexis,Wimlet,awimletqq@dot.gov,12/15/2005,25747,1004,1
964,Helen,Orrill,horrillqr@meetup.com,05/24/2008,36523,1009,3
965,Astra,Cluett,acluettqs@skyrock.com,03/23/2007,39383,1005,2
966,Cynthea,Thomton,cthomtonqt@infoseek.co.jp,10/22/2015,45672,1008,3
967,Tymon,Anney,tanneyqu@friendfeed.com,01/25/2003,24089,1003,3
968,Lucilia,Rawll,lrawllqv@so-net.ne.jp,11/27/2023,35881,1004,3
969,Gardiner,Dearle-Palser,gdearlepalserqw@delicious.com,06/21/2004,15510,1006,4
970,Jania,Soitoux,jsoitouxqx@flickr.com,11/18/2019,17866,1003,2
971,Nissa,Braniff,nbraniffqy@vinaora.com,12/30/2027,41294,1008,1
972,Basilio,Eggar,beggarqz@cnet.com,10/21/2021,24827,1008,4
973,Marijn,Belchamp,mbelchampr0@nymag.com,05/11/2009,38668,1003,1
974,Arney,Giovannoni,agiovannonir1@sciencedirect.com,01/24/2026,45910,1010,5
975,Glenden,Kovnot,gkovnotr2@sina.com.cn,01/23/2017,13705,1002,1
976,Durant,Stothart,dstothartr3@hibu.com,02/13/2020,41241,1008,2
977,Jane,Aspinal,jaspinalr4@cnbc.com,05/09/2028,18342,1009,1
978,Rawley,Dumphries,rdumphriesr5@globo.com,03/30/2003,30930,1006,4
979,Angelina,Gateland,agatelandr6@guardian.co.uk,01/31/2021,46749,1010,4
980,Sydel,Girogetti,sgirogettir7@mozilla.com,03/07/2022,37063,1006,2
981,Becca,Gilmore,bgilmorer8@unc.edu,09/03/2027,39310,1005,5
982,Lawrence,Bunch,lbunchr9@jigsy.com,10/16/2000,21738,1001,2
983,Baird,Crowdace,bcrowdacera@thetimes.co.uk,11/09/2024,11289,1003,2
984,Monti,Philott,mphilottrb@businessweek.com,12/18/2003,24857,1009,4
985,Stephanie,Killough,skilloughrc@webs.com,11/14/2013,32797,1002,5
986,Brock,Cumpton,bcumptonrd@google.cn,11/12/2004,20177,1007,2
987,Guinevere,Utteridge,gutteridgere@epa.gov,11/26/2002,16614,1001,2
988,Dilly,Sheppard,dsheppardrf@opera.com,09/13/2007,16464,1005,5
989,Orin,Thursfield,othursfieldrg@usda.gov,08/04/2013,35343,1003,4
990,Lindsey,Bruton,lbrutonrh@wordpress.com,01/04/2014,31479,1001,3
991,Adorne,Mulliss,amullissri@webnode.com,09/01/2026,49928,1002,2
992,Eulalie,Rowaszkiewicz,erowaszkiewiczrj@europa.eu,03/23/2014,18717,1010,1
993,Gabrielle,Mettricke,gmettrickerk@independent.co.uk,05/31/2019,41106,1001,1
994,Bernardina,Sarch,bsarchrl@tamu.edu,12/17/2029,25361,1006,4
995,Kelley,Gumley,kgumleyrm@istockphoto.com,03/02/2028,19409,1008,1
996,Kipper,Londer,klonderrn@devhub.com,10/18/2010,14989,1009,4
997,Binnie,Eilles,beillesro@usatoday.com,06/21/2011,27209,1002,1
998,Lynnet,Carcas,lcarcasrp@moonfruit.com,06/27/2000,19653,1010,4
999,Duke,Gaitung,dgaitungrq@nbcnews.com,07/16/2011,36776,1005,3
1000,Hagan,Elie,helierr@usnews.com,08/25/2028,38438,1009,5
1,Agna,Klimashevich,aklimashevich0@freewebs.com,07/08/2027,24775,1006,4
2,Shaylyn,Cornborough,scornborough1@topsy.com,01/23/2023,43650,1007,5
3,Hadley,Patience,hpatience2@webmd.com,06/29/2000,20092,1010,5
4,Gwendolyn,Korting,gkorting3@mlb.com,10/13/2023,40462,1003,3
5,Evey,Castanos,ecastanos4@canalblog.com,10/11/2006,18231,1006,5
6,Hadleigh,Fardo,hfardo5@shinystat.com,09/10/2006,32539,1007,3
7,Lammond,Sommerlie,lsommerlie6@engadget.com,09/05/2008,18615,1002,3
8,Alexandr,Heyball,aheyball7@infoseek.co.jp,10/25/2008,45396,1006,5
9,Ursuline,McMillam,umcmillam8@netlog.com,09/04/2018,24858,1001,4
10,Claudette,Durbann,cdurbann9@cloudflare.com,07/17/2013,33273,1008,1
11,Dodi,Garnson,dgarnsona@google.com,12/25/2000,15238,1007,4
12,Drugi,Smalman,dsmalmanb@cornell.edu,06/30/2021,43926,1005,5
13,Alfie,Tomasello,atomaselloc@microsoft.com,03/28/2012,24681,1009,1
14,Gertrud,Shackel,gshackeld@wired.com,12/31/2011,35607,1004,2
15,Danni,O'Regan,doregane@hc360.com,12/16/2005,10707,1003,4
16,Beverley,Matashkin,bmatashkinf@washingtonpost.com,04/28/2021,44676,1001,3
17,Celestina,Gillison,cgillisong@1688.com,05/17/2016,44622,1002,2
18,Seumas,Diplock,sdiplockh@jiathis.com,06/05/2019,44374,1001,5
19,Cirillo,Davy,cdavyi@tripadvisor.com,02/12/2013,14793,1004,2
20,Roxie,Bish,rbishj@discuz.net,12/06/2018,32947,1002,2
21,Ali,Sooley,asooleyk@bizjournals.com,05/31/2024,29145,1007,2
22,Renie,Mannering,rmanneringl@europa.eu,02/06/2021,37408,1007,5
23,Neile,Pounds,npoundsm@ted.com,12/30/2028,23647,1010,4
24,Eldon,Affleck,eaffleckn@livejournal.com,04/24/2010,31779,1008,1
25,Alix,Gresham,agreshamo@networkadvertising.org,12/29/2012,37551,1007,3
26,Mohandis,Willcott,mwillcottp@mit.edu,02/07/2015,17308,1002,3
27,Rosemaria,Mishaw,rmishawq@myspace.com,08/27/2013,16069,1004,2
28,Edsel,Levi,elevir@diigo.com,07/30/2011,23885,1005,2
29,Yehudit,MacDonough,ymacdonoughs@google.pl,03/14/2019,22819,1007,3
30,Faulkner,Sifleet,fsifleett@un.org,03/22/2012,41956,1002,4
31,Florance,Reye,freyeu@google.nl,01/23/2004,33181,1008,4
32,Peirce,Pearne,ppearnev@oakley.com,03/11/2023,32243,1003,2
33,Corrie,Andrasch,candraschw@w3.org,04/06/2024,41953,1002,2
34,Sydney,Synnot,ssynnotx@mail.ru,09/07/2012,18152,1003,3
35,Ethelred,Rummin,erumminy@domainmarket.com,08/02/2023,45777,1008,2
36,Wade,Careswell,wcareswellz@wsj.com,08/25/2015,42514,1007,2
37,Loutitia,Kolin,lkolin10@pcworld.com,12/06/2026,44095,1004,3
38,Ettie,Axleby,eaxleby11@nyu.edu,10/20/2009,49382,1001,1
39,Hobard,Ethelston,hethelston12@dagondesign.com,04/17/2023,49761,1007,4
40,Natividad,Chappel,nchappel13@etsy.com,07/02/2016,35215,1006,5
41,Ernie,Spancock,espancock14@freewebs.com,12/17/2013,25319,1001,3
42,Zacharias,Hammerich,zhammerich15@ted.com,02/17/2029,36805,1010,4
43,Hermione,Brunicke,hbrunicke16@hostgator.com,01/22/2026,21210,1006,5
44,Kati,Odams,kodams17@google.de,09/07/2015,28221,1003,2
45,Adriaens,Benduhn,abenduhn18@unblog.fr,08/03/2013,45754,1007,4
46,Cross,Lobe,clobe19@seattletimes.com,02/02/2006,26050,1010,1
47,Mandel,Gussie,mgussie1a@hibu.com,10/19/2010,13654,1009,3
48,Wade,Kubiak,wkubiak1b@accuweather.com,08/24/2005,33641,1009,5
49,Guillermo,Lambkin,glambkin1c@prnewswire.com,07/09/2005,35499,1006,3
50,Rubia,Lacky,rlacky1d@w3.org,12/10/2014,24455,1004,3
51,Jacob,Bussel,jbussel1e@umich.edu,09/14/2006,42528,1007,3
52,Darline,Meric,dmeric1f@timesonline.co.uk,01/12/2007,40130,1010,3
53,Deedee,Davidzon,ddavidzon1g@sciencedirect.com,06/20/2016,40083,1001,5
54,Kristin,Daymont,kdaymont1h@miitbeian.gov.cn,07/31/2004,17610,1010,3
55,Maggy,Ruggiero,mruggiero1i@yandex.ru,11/01/2013,36056,1006,1
56,Merrie,Woollhead,mwoollhead1j@meetup.com,01/15/2007,47527,1005,2
57,Lucien,Ivain,livain1k@angelfire.com,01/30/2007,46710,1010,2
58,Ellene,Zellick,ezellick1l@networkadvertising.org,11/02/2005,11546,1008,4
59,Cristine,Brennand,cbrennand1m@jugem.jp,07/26/2028,24464,1006,2
60,Courtnay,Courtois,ccourtois1n@skype.com,12/09/2026,28531,1008,1
61,Maximilien,Antoniottii,mantoniottii1o@va.gov,09/15/2008,11960,1001,2
62,Genny,Fleckness,gfleckness1p@php.net,07/27/2006,40319,1002,4
63,Bella,Bradbeer,bbradbeer1q@chicagotribune.com,03/03/2027,17501,1005,5
64,Suzette,Peckett,speckett1r@mayoclinic.com,04/02/2021,21384,1006,4
65,Lana,Peirpoint,lpeirpoint1s@theglobeandmail.com,06/24/2006,30807,1003,4
66,Lorrin,Roggerone,lroggerone1t@hibu.com,03/16/2001,41816,1010,4
67,Otto,Tolmie,otolmie1u@flavors.me,01/24/2009,42445,1004,5
68,Oby,Billanie,obillanie1v@ihg.com,01/23/2006,43928,1005,3
69,Domini,Benz,dbenz1w@theatlantic.com,06/30/2006,42286,1006,5
70,Gustavus,O' Hanvey,gohanvey1x@reddit.com,03/15/2013,47500,1007,2
71,Kara-lynn,Harbard,kharbard1y@yellowpages.com,01/02/2017,34817,1005,4
72,Inesita,Piers,ipiers1z@163.com,03/28/2014,32269,1007,3
73,Melosa,Roman,mroman20@craigslist.org,02/29/2008,40647,1007,4
74,Kristo,Sabathier,ksabathier21@cyberchimps.com,04/14/2009,30359,1005,4
75,Ailene,Schoffler,aschoffler22@abc.net.au,03/11/2019,42845,1005,2
76,Kristoforo,Astridge,kastridge23@dedecms.com,03/14/2029,28205,1009,4
77,Babara,Ruttgers,bruttgers24@hao123.com,11/30/2024,30382,1008,5
78,Darbie,Jurs,djurs25@sciencedaily.com,10/28/2017,46910,1005,1
79,Ninnette,Brecknell,nbrecknell26@ebay.com,03/17/2018,12169,1010,1
80,Leela,Domel,ldomel27@si.edu,04/27/2022,36549,1003,5
81,Herta,Hayball,hhayball28@reference.com,03/08/2010,21988,1003,2
82,Chere,Brenneke,cbrenneke29@yellowbook.com,09/18/2021,21249,1001,1
83,Coriss,Birley,cbirley2a@usda.gov,04/24/2008,45931,1010,4
84,Shanan,Merner,smerner2b@amazon.com,09/15/2016,47927,1002,4
85,Ardeen,Keeltagh,akeeltagh2c@wikispaces.com,09/23/2014,37033,1002,2
86,Anet,Solley,asolley2d@ow.ly,06/25/2003,19709,1001,2
87,Skipp,Fyers,sfyers2e@naver.com,02/04/2002,21271,1004,4
88,Jaime,Izen,jizen2f@accuweather.com,08/04/2016,17598,1003,2
89,Tessi,Jermyn,tjermyn2g@google.com,11/23/2021,45369,1004,1
90,Terrence,Lacey,tlacey2h@wordpress.com,01/14/2021,27134,1010,1
91,Raynard,Wakeley,rwakeley2i@bravesites.com,06/15/2021,31331,1008,2
92,Blane,Woodfield,bwoodfield2j@example.com,09/15/2008,43233,1003,1
93,Tobi,Whicher,twhicher2k@earthlink.net,12/06/2025,28115,1003,1
94,Pryce,Beaman,pbeaman2l@toplist.cz,12/07/2004,21692,1009,3
95,Ernesto,Smissen,esmissen2m@unesco.org,05/17/2014,16655,1008,4
96,Consalve,Ledgley,cledgley2n@artisteer.com,01/28/2013,38720,1010,3
97,Prescott,Syrie,psyrie2o@vimeo.com,06/27/2012,16212,1003,1
98,Penelopa,Lightbourn,plightbourn2p@forbes.com,12/13/2028,34934,1004,1
99,Tracie,Fears,tfears2q@addtoany.com,11/09/2017,39452,1008,2
100,Maryrose,Searson,msearson2r@surveymonkey.com,04/23/2000,48482,1006,1
101,Brander,Hillin,bhillin2s@newyorker.com,01/17/2025,11065,1003,5
102,Merci,Arkcoll,markcoll2t@parallels.com,11/20/2006,17571,1003,1
103,Michal,O'Fergus,mofergus2u@netscape.com,08/12/2018,39392,1009,3
104,Channa,Kobisch,ckobisch2v@myspace.com,03/24/2004,33765,1007,5
105,Skippie,Fidal,sfidal2w@salon.com,07/04/2006,33883,1005,2
106,Pieter,Spencers,pspencers2x@sakura.ne.jp,12/16/2002,40857,1010,3
107,Jolynn,Potkins,jpotkins2y@opera.com,01/27/2007,34202,1005,3
108,Philippa,Riguard,priguard2z@pagesperso-orange.fr,04/25/2024,10527,1010,1
109,Sanford,McGaffey,smcgaffey30@so-net.ne.jp,02/05/2002,37865,1002,1
110,Ava,Mountstephen,amountstephen31@china.com.cn,09/13/2019,10635,1005,4
111,Guillema,Minnette,gminnette32@adobe.com,10/17/2024,45159,1007,3
112,Mikael,Ashplant,mashplant33@nih.gov,08/19/2029,39774,1008,1
113,Clarie,Oldfield-Cherry,coldfieldcherry34@live.com,10/16/2026,36115,1010,1
114,Ellette,Corro,ecorro35@addtoany.com,07/27/2025,42638,1002,4
115,Jodi,Crocombe,jcrocombe36@guardian.co.uk,04/24/2024,28535,1003,2
116,Josefa,Howsam,jhowsam37@nationalgeographic.com,07/02/2023,32723,1007,5
117,Rock,Roskam,rroskam38@apple.com,12/25/2018,24482,1006,2
118,Fanechka,Dolphin,fdolphin39@dell.com,12/13/2005,34947,1002,1
119,Mickie,Gwinnell,mgwinnell3a@upenn.edu,10/27/2025,13226,1006,1
120,Waiter,Sweatland,wsweatland3b@constantcontact.com,08/21/2006,44373,1003,4
121,Selena,Trussler,strussler3c@usatoday.com,11/11/2024,10054,1005,3
122,Dieter,MacDunlevy,dmacdunlevy3d@mayoclinic.com,09/15/2011,36791,1006,3
123,Yorker,Churms,ychurms3e@lulu.com,02/20/2004,44577,1003,4
124,Raeann,FitzGibbon,rfitzgibbon3f@springer.com,06/07/2002,48489,1003,4
125,Ed,MacFie,emacfie3g@google.de,01/30/2019,45308,1002,5
126,Lily,Hartridge,lhartridge3h@webeden.co.uk,05/14/2001,12966,1003,4
127,Amalita,Cowoppe,acowoppe3i@scribd.com,12/14/2023,30992,1006,2
128,Herminia,Devanney,hdevanney3j@delicious.com,10/04/2001,22179,1004,5
129,Desdemona,Risborough,drisborough3k@creativecommons.org,07/29/2014,17751,1005,2
130,Adella,Barrie,abarrie3l@ucsd.edu,05/05/2010,14149,1010,3
131,Brenna,D'Abbot-Doyle,bdabbotdoyle3m@dot.gov,01/17/2001,20287,1002,2
132,Kendall,Vaines,kvaines3n@squidoo.com,09/17/2024,36653,1008,1
133,Kristopher,De Filippi,kdefilippi3o@tmall.com,10/10/2023,15591,1009,5
134,Rolfe,Le Provest,rleprovest3p@rambler.ru,03/05/2023,41271,1005,5
135,Dyane,Leak,dleak3q@mysql.com,03/19/2002,46611,1007,1
136,Giusto,Roath,groath3r@vinaora.com,06/07/2008,28809,1004,5
137,Bevin,Sigert,bsigert3s@typepad.com,04/05/2014,11703,1003,5
138,Virginia,Maciejak,vmaciejak3t@weather.com,11/24/2022,13006,1001,1
139,Torrence,MacKessock,tmackessock3u@ezinearticles.com,09/17/2022,12384,1005,5
140,Opalina,Inott,oinott3v@epa.gov,07/03/2008,38665,1008,4
141,Ulrich,Renvoise,urenvoise3w@shinystat.com,10/04/2021,33114,1008,3
142,Basilio,Lohan,blohan3x@smugmug.com,05/28/2025,33177,1009,4
143,Adolph,Borrington,aborrington3y@upenn.edu,10/22/2018,42682,1002,3
144,Katlin,Tomashov,ktomashov3z@ning.com,04/12/2021,29943,1007,4
145,Jodie,Maken,jmaken40@nydailynews.com,10/18/2011,34760,1010,1
146,Hobie,Dewett,hdewett41@elpais.com,12/28/2005,25281,1002,2
147,Findley,Runcie,fruncie42@japanpost.jp,05/17/2010,43471,1009,4
148,Prentiss,Grimolbie,pgrimolbie43@eventbrite.com,08/07/2020,13289,1008,3
149,Cleavland,Dumper,cdumper44@opera.com,02/12/2011,39871,1009,1
150,Gavan,Mapletoft,gmapletoft45@blog.com,11/23/2026,26964,1005,1
151,Gauthier,Plessing,gplessing46@upenn.edu,05/20/2025,28219,1003,4
152,Cristina,Feavyour,cfeavyour47@163.com,09/05/2022,49147,1002,5
153,Lynsey,McBain,lmcbain48@cam.ac.uk,11/14/2021,27060,1009,4
154,Clem,McGiff,cmcgiff49@nbcnews.com,08/31/2021,31054,1007,2
155,Evangelin,Dwight,edwight4a@naver.com,02/23/2008,39847,1001,2
156,Adolph,Stile,astile4b@salon.com,11/20/2025,22809,1003,3
157,Dasi,Teulier,dteulier4c@nytimes.com,03/25/2016,13052,1006,4
158,Donnajean,Denniston,ddenniston4d@msu.edu,02/01/2002,45717,1008,3
159,Keane,Alebrooke,kalebrooke4e@unesco.org,10/29/2018,11143,1003,3
160,William,Eunson,weunson4f@google.ru,05/19/2009,38183,1007,3
161,Cati,Jahns,cjahns4g@myspace.com,12/24/2027,15174,1002,4
162,Kaleb,O'Donegan,kodonegan4h@istockphoto.com,05/11/2005,37733,1007,5
163,Tiffi,Cholerton,tcholerton4i@storify.com,06/22/2000,45863,1005,1
164,Merlina,Vernay,mvernay4j@wix.com,12/12/2020,14966,1009,4
165,Burch,Castletine,bcastletine4k@g.co,05/13/2017,22942,1010,2
166,Hobie,Albarez,halbarez4l@i2i.jp,05/08/2001,34780,1005,2
167,Engelbert,Goodbar,egoodbar4m@statcounter.com,01/17/2006,30269,1003,4
168,Elyssa,MacCheyne,emaccheyne4n@princeton.edu,07/17/2007,28807,1007,4
169,Laverne,Cana,lcana4o@adobe.com,11/22/2005,32275,1002,4
170,Merry,Brandon,mbrandon4p@engadget.com,12/14/2009,43191,1006,5
171,Emilie,Gronou,egronou4q@icio.us,11/25/2017,40259,1008,1
172,Graham,Threlfall,gthrelfall4r@businessweek.com,05/28/2022,41376,1001,4
173,Griff,Firpo,gfirpo4s@shop-pro.jp,10/10/2026,42778,1007,3
174,Ruddy,Viles,rviles4t@jalbum.net,06/11/2010,13061,1006,2
175,Granger,Gentiry,ggentiry4u@zimbio.com,12/26/2027,45970,1003,4
176,Thain,Illsley,tillsley4v@myspace.com,06/01/2020,13527,1010,5
177,Sheilakathryn,Buller,sbuller4w@list-manage.com,08/22/2025,46504,1002,5
178,Erhart,Moreinu,emoreinu4x@ocn.ne.jp,03/02/2002,38413,1008,5
179,Sylvester,Goldberg,sgoldberg4y@cbsnews.com,01/16/2003,41956,1007,5
180,Lilli,Wyldish,lwyldish4z@ucoz.com,07/30/2020,28591,1005,1
181,Viv,Klimmek,vklimmek50@ameblo.jp,08/05/2010,28445,1002,1
182,Maud,Cruickshank,mcruickshank51@google.ru,12/26/2019,13480,1001,5
183,Flossie,MacGuffog,fmacguffog52@economist.com,10/03/2024,40798,1009,3
184,Siobhan,Cromly,scromly53@devhub.com,08/09/2008,35767,1007,2
185,Sloane,Nottingam,snottingam54@statcounter.com,05/23/2029,15266,1003,1
186,Melonie,Dawes,mdawes55@craigslist.org,10/23/2022,42872,1003,1
187,Naoma,McKirton,nmckirton56@instagram.com,01/01/2022,23352,1007,4
188,Gwendolyn,Loughhead,gloughhead57@sohu.com,02/24/2026,27426,1001,1
189,Kingsly,Tincey,ktincey58@artisteer.com,09/13/2016,10348,1010,2
190,Roselin,Nassie,rnassie59@naver.com,12/22/2017,24968,1007,1
191,Edin,Gomby,egomby5a@reddit.com,08/19/2029,25120,1001,3
192,Karrie,Dillistone,kdillistone5b@phoca.cz,08/03/2017,47263,1008,1
193,Minnie,Waddicor,mwaddicor5c@booking.com,07/08/2028,38678,1008,5
194,Ethelbert,Lufkin,elufkin5d@wikispaces.com,11/04/2012,10453,1010,4
195,Kitty,Nolte,knolte5e@booking.com,11/25/2015,31967,1003,1
196,Ailis,Hunte,ahunte5f@blogger.com,11/01/2001,35699,1003,3
197,Hedvige,Bodocs,hbodocs5g@nytimes.com,05/11/2017,23960,1010,5
198,Fletch,Pordall,fpordall5h@bloglovin.com,05/03/2025,15811,1001,2
199,Marlyn,Cotterill,mcotterill5i@hhs.gov,11/05/2025,11280,1010,3
200,Gauthier,Murrigan,gmurrigan5j@cnn.com,06/17/2009,30848,1006,5
201,Lynna,Kent,lkent5k@ed.gov,04/08/2024,29517,1004,5
202,Laurens,Bernardy,lbernardy5l@cocolog-nifty.com,05/13/2012,15005,1001,3
203,Cristine,Gosz,cgosz5m@shareasale.com,02/05/2027,30225,1003,1
204,Siana,Farrah,sfarrah5n@slashdot.org,10/06/2009,35027,1004,2
205,Liesa,Lendrem,llendrem5o@youku.com,06/25/2003,31539,1002,3
206,Melodie,Geist,mgeist5p@joomla.org,02/01/2013,30143,1008,4
207,Aretha,Ganderton,aganderton5q@house.gov,03/22/2002,13076,1010,3
208,Erin,Binnell,ebinnell5r@qq.com,01/02/2023,22122,1006,5
209,Holli,Minette,hminette5s@uiuc.edu,11/26/2011,14024,1002,5
210,Josias,De Matteis,jdematteis5t@mail.ru,10/21/2012,43835,1007,1
211,Shirl,Conachy,sconachy5u@mapquest.com,06/23/2011,43913,1006,5
212,Kaia,Demcik,kdemcik5v@de.vu,07/12/2018,32132,1001,2
213,Tommy,Simmen,tsimmen5w@biglobe.ne.jp,08/30/2014,29663,1003,4
214,Trudie,Gaffon,tgaffon5x@vk.com,10/02/2013,10685,1005,2
215,Jessalin,Mulliss,jmulliss5y@earthlink.net,11/26/2010,43353,1001,3
216,Tatiania,Seary,tseary5z@theguardian.com,10/06/2018,14555,1007,2
217,Roger,Skully,rskully60@census.gov,10/07/2011,33915,1006,2
218,Gwenny,Pawels,gpawels61@ameblo.jp,12/28/2023,25246,1003,4
219,Marietta,Esseby,messeby62@sfgate.com,10/05/2013,22757,1008,2
220,Adlai,Caurah,acaurah63@geocities.jp,09/07/2023,49095,1008,3
221,Sharona,Bedford,sbedford64@ehow.com,10/30/2022,38524,1003,2
222,Umeko,Pratte,upratte65@jiathis.com,11/18/2025,47777,1009,4
223,Clarence,Hull,chull66@ucla.edu,06/23/2022,15476,1005,1
224,Prudi,Sewley,psewley67@washingtonpost.com,09/22/2003,35754,1009,4
225,Shoshanna,Noddles,snoddles68@yandex.ru,08/12/2021,49874,1001,4
226,Osbourne,Dumbell,odumbell69@altervista.org,12/01/2027,47512,1010,3
227,Odella,Gregoli,ogregoli6a@comsenz.com,09/13/2028,12000,1007,1
228,Sonya,Seeler,sseeler6b@edublogs.org,12/14/2014,17707,1008,5
229,Maegan,Mainland,mmainland6c@google.com.au,09/01/2004,19025,1007,2
230,Heindrick,Cockley,hcockley6d@walmart.com,05/04/2026,45978,1010,3
231,Juliette,Bradlaugh,jbradlaugh6e@whitehouse.gov,01/23/2022,19812,1009,2
232,Jasun,Sinderland,jsinderland6f@hexun.com,12/24/2019,39867,1002,3
233,Jo,Poulglais,jpoulglais6g@mail.ru,08/14/2016,19550,1002,1
234,Dexter,Olpin,dolpin6h@netvibes.com,04/29/2018,22556,1010,3
235,Dill,Dodgson,ddodgson6i@tuttocitta.it,05/13/2025,41210,1005,5
236,Gerhard,Lampitt,glampitt6j@webmd.com,07/13/2027,26362,1003,3
237,Giffie,Cortin,gcortin6k@google.fr,12/03/2023,27955,1010,2
238,Yvor,Avesque,yavesque6l@shutterfly.com,09/07/2001,44954,1005,1
239,Dolores,Sutherns,dsutherns6m@go.com,03/04/2021,28969,1002,3
240,Catherin,Sisley,csisley6n@ted.com,08/05/2011,14193,1003,1
241,Margit,Bour,mbour6o@studiopress.com,03/17/2019,34899,1007,5
242,Hamilton,Hansman,hhansman6p@over-blog.com,09/23/2012,14713,1008,2
243,Warner,Roarty,wroarty6q@surveymonkey.com,02/20/2028,28209,1002,3
244,Dannye,Verdon,dverdon6r@cloudflare.com,08/02/2009,15219,1008,5
245,Wren,Gareisr,wgareisr6s@microsoft.com,11/23/2003,20989,1003,3
246,Reyna,Sorrill,rsorrill6t@army.mil,02/15/2021,46271,1004,5
247,Delly,Waleran,dwaleran6u@time.com,02/16/2007,17039,1010,4
248,Sheri,Bikker,sbikker6v@ibm.com,09/12/2010,39660,1004,4
249,Sherwood,Gabbot,sgabbot6w@google.nl,11/28/2003,37341,1002,4
250,Abramo,Dineges,adineges6x@usatoday.com,10/05/2002,36525,1010,5
251,Cleve,Eberz,ceberz6y@devhub.com,06/23/2008,28363,1006,4
252,Ewell,Vaines,evaines6z@bizjournals.com,12/03/2028,12177,1002,1
253,Blane,Dalyiel,bdalyiel70@gizmodo.com,02/24/2025,35932,1010,1
254,Jenn,Habercham,jhabercham71@zimbio.com,12/25/2004,16310,1010,3
255,Fred,Fursse,ffursse72@cisco.com,09/11/2017,45782,1010,4
256,Rosanne,Cadney,rcadney73@google.fr,01/28/2005,22685,1010,4
257,Austina,Tidder,atidder74@tripod.com,07/06/2021,39276,1005,5
258,Read,Nenci,rnenci75@admin.ch,12/17/2020,17729,1010,2
259,Gunilla,Gelderd,ggelderd76@hexun.com,12/23/2009,43051,1008,1
260,Reilly,Fessions,rfessions77@tiny.cc,03/15/2003,48441,1007,3
261,Melloney,Svanini,msvanini78@ifeng.com,12/07/2015,27533,1008,1
262,Bary,Peedell,bpeedell79@state.tx.us,07/23/2012,40083,1009,4
263,Rozele,Kibel,rkibel7a@jugem.jp,05/24/2019,42784,1002,2
264,Eugenius,McPeake,emcpeake7b@who.int,09/19/2017,17517,1001,1
265,Clerc,Greatex,cgreatex7c@hc360.com,09/02/2011,47882,1008,3
266,Marcille,Guitt,mguitt7d@prweb.com,10/16/2004,33942,1003,5
267,Cherlyn,McDonnell,cmcdonnell7e@epa.gov,12/19/2016,14953,1007,2
268,Roselle,Ivers,rivers7f@privacy.gov.au,04/01/2017,26527,1004,5
269,Liz,Royan,lroyan7g@seesaa.net,06/20/2029,14804,1003,4
270,Dreddy,Scrane,dscrane7h@ibm.com,05/10/2005,36268,1009,1
271,Drusy,Cousans,dcousans7i@histats.com,06/15/2001,15534,1007,2
272,Linus,Dulin,ldulin7j@imageshack.us,06/26/2013,28777,1002,3
273,Linnea,Milstead,lmilstead7k@drupal.org,10/31/2019,27398,1001,4
274,Andeee,Guerro,aguerro7l@yelp.com,11/04/2011,43857,1006,4
275,Aldwin,Courtonne,acourtonne7m@e-recht24.de,02/10/2018,44880,1006,3
276,Brandise,Johns,bjohns7n@walmart.com,03/18/2027,39392,1003,2
277,Damita,Cavan,dcavan7o@cyberchimps.com,02/24/2006,31774,1010,4
278,Jonas,Crapper,jcrapper7p@amazon.co.jp,11/01/2004,48807,1001,2
279,Phip,Neill,pneill7q@ucla.edu,06/03/2000,48463,1007,1
280,Ephraim,Bickardike,ebickardike7r@istockphoto.com,10/31/2012,46605,1008,5
281,Vanda,Clemenzi,vclemenzi7s@1und1.de,04/26/2011,24828,1003,1
282,Grant,Haggleton,ghaggleton7t@dagondesign.com,01/10/2014,11862,1008,4
283,Louise,How to preserve,lhowtopreserve7u@apple.com,11/03/2008,39327,1004,5
284,Doyle,Chamberlain,dchamberlain7v@istockphoto.com,10/10/2011,32335,1002,4
285,Steve,Cribbott,scribbott7w@slideshare.net,09/07/2016,37814,1010,4
286,Charlene,Stainton,cstainton7x@epa.gov,08/08/2008,48150,1009,4
287,Ulick,Waumsley,uwaumsley7y@cargocollective.com,08/25/2014,44736,1007,2
288,Dana,Semechik,dsemechik7z@ox.ac.uk,01/13/2017,10379,1002,4
289,Paulie,Cathrall,pcathrall80@state.tx.us,08/30/2006,27403,1003,4
290,Bryn,Iveans,biveans81@telegraph.co.uk,09/19/2009,39372,1003,3
291,Kendra,Red,kred82@ustream.tv,07/16/2021,38722,1001,1
292,Gav,Burnapp,gburnapp83@google.de,06/24/2019,35764,1001,2
293,Verene,Chartman,vchartman84@fda.gov,11/02/2017,22176,1008,4
294,Kimble,Dufore,kdufore85@dell.com,09/18/2028,23014,1009,1
295,Jeddy,Thomtson,jthomtson86@reference.com,02/04/2016,45036,1003,3
296,Barbi,Girardoni,bgirardoni87@paginegialle.it,10/14/2006,33115,1008,1
297,Tobye,Newcom,tnewcom88@imgur.com,04/07/2009,16662,1005,1
298,Jamaal,Sawden,jsawden89@ustream.tv,06/12/2024,14610,1005,3
299,Griffy,Proudman,gproudman8a@weebly.com,06/14/2023,19246,1002,5
300,Brose,Courtonne,bcourtonne8b@biblegateway.com,06/23/2021,44695,1006,2
301,Christian,Ziem,cziem8c@msu.edu,05/13/2009,26566,1006,1
302,Peggy,Cowser,pcowser8d@nih.gov,04/11/2024,10928,1007,5
303,Donavon,Turpey,dturpey8e@sakura.ne.jp,09/26/2029,35347,1007,4
304,Katie,Ricardot,kricardot8f@bloglines.com,12/08/2002,49702,1007,3
305,Doreen,Spancock,dspancock8g@guardian.co.uk,10/29/2000,37288,1010,4
306,Nickie,Delgaty,ndelgaty8h@abc.net.au,10/27/2013,48917,1003,2
307,Billy,Swannack,bswannack8i@ehow.com,06/04/2011,28681,1001,1
308,Holt,Cheal,hcheal8j@twitpic.com,06/09/2012,25213,1001,4
309,Nilson,Denis,ndenis8k@privacy.gov.au,12/04/2009,23204,1001,5
310,Tate,Veldstra,tveldstra8l@fda.gov,09/29/2000,21624,1009,4
311,Patten,Izod,pizod8m@japanpost.jp,10/15/2029,38575,1008,3
312,Callie,Redihough,credihough8n@washington.edu,05/19/2009,49122,1007,1
313,Kit,Garrould,kgarrould8o@slashdot.org,04/17/2006,31335,1010,2
314,Di,Heintsch,dheintsch8p@bloglovin.com,04/16/2017,46350,1008,3
315,Dennison,Woolerton,dwoolerton8q@skyrock.com,03/16/2003,25916,1004,3
316,Gunner,Livesey,glivesey8r@dropbox.com,02/02/2002,33140,1009,4
317,Thurston,Leachman,tleachman8s@mashable.com,06/03/2028,16667,1004,5
318,Penn,Eade,peade8t@senate.gov,11/30/2022,19751,1003,5
319,Gil,Darker,gdarker8u@hibu.com,11/12/2023,24067,1007,5
320,Maye,Rosbottom,mrosbottom8v@discovery.com,04/28/2020,41652,1007,5
321,Jereme,Amort,jamort8w@ucla.edu,11/07/2009,10443,1009,2
322,Thedric,Jockle,tjockle8x@hubpages.com,02/16/2025,36979,1002,3
323,Darin,Harpur,dharpur8y@phoca.cz,06/25/2025,30919,1002,5
324,Vivienne,Spelwood,vspelwood8z@yahoo.com,08/15/2025,26956,1006,5
325,Dulce,Priver,dpriver90@comsenz.com,08/23/2005,30667,1010,4
326,Fraze,Sayton,fsayton91@jugem.jp,08/10/2029,12451,1004,2
327,Morris,Garrals,mgarrals92@altervista.org,04/25/2024,12954,1009,3
328,Ros,Saterweyte,rsaterweyte93@ocn.ne.jp,11/14/2001,35881,1006,1
329,Brietta,Leall,bleall94@home.pl,11/22/2026,21213,1006,1
330,Tedd,Kryzhov,tkryzhov95@csmonitor.com,04/02/2011,38327,1010,5
331,Kellie,Kidman,kkidman96@gizmodo.com,10/15/2008,42233,1007,1
332,Jo,Bugg,jbugg97@networksolutions.com,03/03/2003,15968,1010,5
333,Joyann,Dumphy,jdumphy98@hao123.com,01/20/2021,44344,1003,2
334,Elinor,Earwaker,eearwaker99@cdbaby.com,03/30/2018,26327,1006,2
335,Viole,McGuirk,vmcguirk9a@discovery.com,09/18/2014,42064,1006,5
336,Grayce,Ownsworth,gownsworth9b@accuweather.com,01/23/2000,12851,1005,5
337,Gert,Dullard,gdullard9c@spotify.com,04/05/2009,32309,1008,1
338,Sly,Goggen,sgoggen9d@instagram.com,06/07/2025,16951,1003,4
339,Charita,Anney,canney9e@princeton.edu,06/08/2011,40443,1002,1
340,Goldarina,Stearndale,gstearndale9f@miitbeian.gov.cn,07/21/2013,42019,1007,2
341,Hanan,Odhams,hodhams9g@wikia.com,01/02/2024,37291,1007,1
342,Katinka,Winspare,kwinspare9h@goo.gl,08/23/2027,20725,1007,4
343,Mireille,Bedson,mbedson9i@yandex.ru,11/04/2012,22951,1004,1
344,Dame,MacNeachtain,dmacneachtain9j@ebay.com,06/05/2022,31556,1007,4
345,Leta,Dunning,ldunning9k@berkeley.edu,01/16/2028,18634,1008,1
346,Geri,Foynes,gfoynes9l@unblog.fr,11/13/2007,11835,1001,3
347,Noella,Crisall,ncrisall9m@fema.gov,09/28/2026,41138,1007,5
348,Carmencita,Motten,cmotten9n@livejournal.com,05/25/2019,22688,1009,3
349,Alexio,Prater,aprater9o@bing.com,11/14/2025,48161,1002,5
350,Melanie,Lynes,mlynes9p@phpbb.com,11/12/2018,30471,1002,3
351,Corinne,Haseley,chaseley9q@ehow.com,12/07/2028,44007,1003,2
352,Quinlan,Eglise,qeglise9r@youtu.be,01/14/2005,10844,1008,5
353,Geri,McDonand,gmcdonand9s@tiny.cc,05/05/2003,21875,1003,1
354,Alfie,Schoroder,aschoroder9t@sogou.com,02/19/2016,49507,1005,3
355,Sydney,Dahle,sdahle9u@army.mil,05/23/2009,26818,1001,4
356,Ian,Riepl,iriepl9v@a8.net,07/26/2010,43329,1007,2
357,Willard,Mundee,wmundee9w@cnet.com,01/25/2017,18763,1001,2
358,Lewiss,Kesten,lkesten9x@printfriendly.com,06/01/2010,27696,1005,1
359,Barby,Toon,btoon9y@yelp.com,01/08/2018,14262,1004,5
360,Katrina,Commings,kcommings9z@paypal.com,06/22/2013,23823,1009,2
361,Amabelle,Wittering,awitteringa0@biblegateway.com,08/28/2020,43004,1008,4
362,Octavia,Foggo,ofoggoa1@arizona.edu,08/27/2025,26978,1010,5
363,Munmro,Bertl,mbertla2@vimeo.com,12/25/2020,46204,1003,1
364,Laney,Schnieder,lschniedera3@constantcontact.com,07/07/2018,13773,1008,5
365,Cornelle,Andriulis,candriulisa4@skype.com,06/24/2010,11191,1004,2
366,Mercy,Gait,mgaita5@list-manage.com,06/29/2004,31164,1005,2
367,Constantina,Duley,cduleya6@ucsd.edu,01/27/2014,42019,1007,4
368,Eldredge,Ridett,eridetta7@springer.com,01/18/2006,10253,1003,1
369,Arnie,Geering,ageeringa8@canalblog.com,09/05/2012,38986,1007,5
370,Cayla,Gager,cgagera9@wiley.com,07/08/2015,13465,1009,3
371,Kelcie,Gregore,kgregoreaa@about.com,05/19/2000,25834,1002,2
372,Paulo,Bertomeu,pbertomeuab@friendfeed.com,10/22/2005,49543,1003,5
373,Sindee,Broy,sbroyac@yellowpages.com,02/11/2023,36239,1001,4
374,Ray,Cescotti,rcescottiad@dyndns.org,06/28/2010,16032,1007,1
375,Cori,Burling,cburlingae@ow.ly,03/25/2029,14685,1004,1
376,Roderich,Linner,rlinneraf@furl.net,09/22/2012,39518,1010,5
377,Gayler,Swinford,gswinfordag@telegraph.co.uk,09/04/2006,10693,1004,3
378,Knox,Buckner,kbucknerah@hc360.com,02/19/2029,12130,1008,5
379,Margarette,Lawleff,mlawleffai@smh.com.au,05/05/2000,34417,1008,1
380,Darill,Parkhouse,dparkhouseaj@prlog.org,04/17/2019,43235,1010,2
381,Thorny,Leghorn,tleghornak@macromedia.com,12/29/2010,29486,1009,5
382,Gisela,Eringey,geringeyal@reddit.com,07/01/2026,23472,1003,3
383,Dixie,Juppe,djuppeam@friendfeed.com,10/02/2006,48139,1003,4
384,Wally,Naulty,wnaultyan@nps.gov,08/04/2027,35955,1001,3
385,Costa,Gallon,cgallonao@google.fr,12/03/2000,36022,1008,4
386,Traci,Palatini,tpalatiniap@unc.edu,10/25/2007,38821,1007,4
387,Annadiane,Habbijam,ahabbijamaq@epa.gov,05/25/2010,39706,1005,4
388,Zulema,Pietruschka,zpietruschkaar@devhub.com,12/05/2007,16361,1010,2
389,Pauly,Kuschek,pkuschekas@cpanel.net,04/05/2015,18467,1010,2
390,Emlyn,Biggadike,ebiggadikeat@fda.gov,08/26/2004,41811,1006,3
391,Norris,Freeland,nfreelandau@vistaprint.com,06/17/2000,36146,1007,3
392,Marrissa,Cassely,mcasselyav@woothemes.com,12/16/2022,49317,1006,1
393,Helaina,Breeze,hbreezeaw@yellowpages.com,09/07/2007,35896,1009,3
394,Arabele,Haney,ahaneyax@newyorker.com,10/02/2019,12926,1002,3
395,Paige,Signorelli,psignorelliay@harvard.edu,11/29/2009,41474,1005,3
396,Douglas,Donnersberg,ddonnersbergaz@yahoo.co.jp,07/09/2005,29336,1005,1
397,Benni,Prescott,bprescottb0@angelfire.com,11/09/2024,19638,1003,4
398,Paolina,Thody,pthodyb1@noaa.gov,09/22/2028,18561,1010,2
399,Maddalena,Bedder,mbedderb2@parallels.com,11/12/2005,24977,1006,5
400,Petronia,Allain,pallainb3@aol.com,03/17/2018,26937,1005,4
401,Abbi,Ainscough,aainscoughb4@paginegialle.it,02/05/2026,49313,1002,5
402,Quinlan,Waren,qwarenb5@cocolog-nifty.com,09/02/2019,38530,1002,1
403,Humfrey,Lillow,hlillowb6@prweb.com,10/21/2001,48626,1006,2
404,Joceline,Spradbery,jspradberyb7@npr.org,10/15/2002,34884,1010,4
405,Raynor,Turvie,rturvieb8@networkadvertising.org,05/21/2014,10831,1004,5
406,Jeane,Fedorski,jfedorskib9@cocolog-nifty.com,07/24/2002,11545,1008,1
407,Paulina,Raynard,praynardba@google.ru,12/14/2007,34414,1001,1
408,Jeannette,Thurgood,jthurgoodbb@senate.gov,06/28/2018,16591,1001,4
409,Nolana,O'Dougherty,nodoughertybc@home.pl,09/30/2027,16621,1009,5
410,Diarmid,Bengtsen,dbengtsenbd@tamu.edu,04/13/2023,33492,1001,5
411,Bev,Dyte,bdytebe@cmu.edu,05/21/2013,47193,1010,4
412,Kerby,Moreno,kmorenobf@google.cn,11/19/2015,33489,1007,5
413,Ashien,Dillingstone,adillingstonebg@google.co.jp,03/30/2024,27206,1007,5
414,Aurelia,Scoggans,ascoggansbh@issuu.com,12/07/2002,44814,1004,3
415,Anallese,MacPherson,amacphersonbi@imgur.com,06/28/2011,21392,1008,2
416,Rafaellle,Swinglehurst,rswinglehurstbj@fotki.com,05/11/2024,49931,1006,5
417,Leif,Woodcock,lwoodcockbk@multiply.com,07/16/2026,37453,1007,5
418,Jorrie,Sidnall,jsidnallbl@dailymotion.com,08/22/2012,25518,1001,2
419,Guendolen,Rigg,griggbm@meetup.com,07/07/2020,33564,1004,3
420,Gizela,Mallender,gmallenderbn@qq.com,07/24/2025,19150,1010,2
421,Tabor,Scrinage,tscrinagebo@sitemeter.com,06/09/2023,23169,1004,4
422,Verne,Figgess,vfiggessbp@nydailynews.com,01/01/2001,44703,1009,4
423,Silvan,Nolan,snolanbq@instagram.com,03/30/2023,20113,1005,3
424,Bank,Weatherill,bweatherillbr@newyorker.com,03/14/2000,29395,1003,1
425,Ashlie,Chalmers,achalmersbs@rakuten.co.jp,09/08/2025,36588,1007,5
426,Hamish,Neicho,hneichobt@china.com.cn,07/15/2019,30480,1001,5
427,Vilma,Attle,vattlebu@dropbox.com,09/07/2004,22750,1001,4
428,Romain,Bear,rbearbv@mozilla.com,07/20/2002,15355,1010,5
429,Diahann,Batrop,dbatropbw@ftc.gov,12/08/2018,31268,1002,4
430,Garner,Nisby,gnisbybx@livejournal.com,05/14/2026,21596,1002,3
431,Jermayne,Varns,jvarnsby@ycombinator.com,04/18/2000,22518,1001,1
432,Verne,Bellam,vbellambz@macromedia.com,08/17/2004,39158,1008,4
433,Lorena,Holley,lholleyc0@acquirethisname.com,09/11/2021,12904,1006,5
434,Vilhelmina,Santarelli,vsantarellic1@msn.com,02/28/2007,39750,1007,4
435,Connie,Cornils,ccornilsc2@nba.com,04/19/2005,25221,1002,4
436,Saunders,Kenderdine,skenderdinec3@ca.gov,04/12/2015,47564,1008,2
437,Sonja,Herche,sherchec4@mapy.cz,05/26/2019,27994,1003,5
438,Marsh,Basilotta,mbasilottac5@google.it,11/21/2029,15001,1003,3
439,Consuelo,Rudsdell,crudsdellc6@free.fr,03/18/2026,22341,1007,3
440,Riobard,Veitch,rveitchc7@slideshare.net,05/20/2011,29007,1007,3
441,Carlene,Dowbekin,cdowbekinc8@amazon.co.uk,05/18/2024,12805,1007,1
442,Elyssa,MacTimpany,emactimpanyc9@clickbank.net,09/17/2028,48475,1004,1
443,Lisha,Benardet,lbenardetca@goodreads.com,11/20/2028,33505,1006,3
444,Pierson,Petticrow,ppetticrowcb@jiathis.com,03/25/2018,42326,1007,1
445,Betti,Drew-Clifton,bdrewcliftoncc@time.com,11/11/2004,31984,1003,4
446,Florina,Stears,fstearscd@nbcnews.com,12/10/2027,15018,1007,2
447,Hubert,Britland,hbritlandce@msu.edu,08/15/2012,13238,1010,4
448,Hebert,Muzzall,hmuzzallcf@eventbrite.com,11/05/2014,17376,1004,2
449,Shepperd,Weekly,sweeklycg@merriam-webster.com,08/09/2014,16671,1005,4
450,Virge,Solesbury,vsolesburych@comcast.net,10/21/2027,31378,1009,1
451,Mahalia,Rippon,mripponci@hibu.com,09/07/2027,36835,1006,5
452,Vernice,Haskew,vhaskewcj@hc360.com,05/26/2003,46106,1007,4
453,Hetti,Tourner,htournerck@walmart.com,07/13/2028,39411,1010,1
454,Sayer,Daouze,sdaouzecl@amazon.co.jp,03/17/2000,33872,1009,1
455,Buckie,Olver,bolvercm@canalblog.com,05/09/2024,13651,1004,1
456,Cherilyn,Coie,ccoiecn@webmd.com,05/19/2024,41116,1006,2
457,Veronique,Molan,vmolanco@vkontakte.ru,09/22/2029,30868,1004,2
458,Major,Rabat,mrabatcp@sciencedaily.com,02/15/2026,14543,1003,5
459,Lek,Rottenbury,lrottenburycq@census.gov,10/24/2020,36114,1001,1
460,Winfred,Sabbatier,wsabbatiercr@nymag.com,04/04/2025,28583,1004,5
461,Ignatius,Davey,idaveycs@twitter.com,10/24/2003,41674,1002,1
462,Derick,Dunlea,ddunleact@chron.com,03/12/2016,34018,1004,1
463,Margaret,Burdell,mburdellcu@feedburner.com,06/26/2019,23665,1005,4
464,Valentijn,Conring,vconringcv@webnode.com,08/29/2016,32406,1006,1
465,Datha,Klamp,dklampcw@google.fr,08/30/2019,33068,1010,2
466,Astrix,Snedker,asnedkercx@booking.com,01/06/2025,37308,1001,4
467,Manda,Giannini,mgianninicy@qq.com,05/31/2011,10021,1006,1
468,Andrew,Coveny,acovenycz@intel.com,02/05/2004,23408,1008,1
469,Riane,Roncelli,rroncellid0@bloomberg.com,09/25/2028,27657,1010,4
470,Claiborne,Diggens,cdiggensd1@ustream.tv,11/12/2024,45804,1004,2
471,Drucill,Pendrid,dpendridd2@goodreads.com,12/04/2014,42619,1007,3
472,Lavena,Linggood,llinggoodd3@smh.com.au,02/15/2009,40673,1003,5
473,Vanda,Ledgeway,vledgewayd4@gizmodo.com,05/07/2000,29361,1008,5
474,Darby,Ferebee,dferebeed5@umn.edu,11/22/2020,47938,1002,5
475,Dionisio,Antoni,dantonid6@bluehost.com,01/03/2007,44896,1005,4
476,Toddy,Toolan,ttooland7@github.com,08/22/2007,21312,1008,3
477,Concordia,Alishoner,calishonerd8@over-blog.com,03/10/2002,22378,1005,3
478,Aksel,Mason,amasond9@homestead.com,06/24/2019,24904,1010,1
479,Midge,Preddle,mpreddleda@aboutads.info,03/23/2001,13880,1009,1
480,Meghann,Weathey,mweatheydb@theatlantic.com,05/28/2002,22977,1002,3
481,Shelbi,Dumelow,sdumelowdc@blogtalkradio.com,06/30/2004,25427,1010,5
482,Brietta,Astle,bastledd@scientificamerican.com,02/16/2014,46863,1007,4
483,Urbano,Borrott,uborrottde@sciencedirect.com,05/17/2029,36436,1004,2
484,Ahmad,Throssell,athrosselldf@zdnet.com,11/25/2009,12907,1009,4
485,Borden,Feirn,bfeirndg@squidoo.com,09/11/2011,15426,1010,3
486,Jessey,Shrimpton,jshrimptondh@cornell.edu,04/13/2009,30049,1009,4
487,Conant,Pringell,cpringelldi@flickr.com,12/24/2011,39035,1009,2
488,Frasier,Beament,fbeamentdj@youtube.com,01/10/2025,41449,1005,1
489,Karleen,Rosendall,krosendalldk@cornell.edu,03/04/2000,48320,1003,2
490,Elvis,Belly,ebellydl@meetup.com,12/18/2025,14388,1009,5
491,Jess,Trowl,jtrowldm@upenn.edu,12/20/2024,43536,1002,5
492,Consolata,Duigenan,cduigenandn@topsy.com,09/30/2006,19737,1001,2
493,Clarette,Ebbutt,cebbuttdo@google.com.au,09/11/2015,40311,1005,1
494,Ansel,Spriggin,aspriggindp@slate.com,02/20/2018,30812,1002,2
495,Jed,Flecknell,jflecknelldq@nps.gov,12/09/2024,45915,1004,5
496,Harv,Rickcord,hrickcorddr@yandex.ru,06/09/2014,28304,1003,1
497,Norma,Pattington,npattingtonds@utexas.edu,08/31/2018,11135,1008,3
498,Montague,McDougle,mmcdougledt@google.co.jp,06/17/2028,21476,1004,5
499,Stevana,Needs,sneedsdu@mlb.com,09/07/2011,42297,1003,3
500,Wadsworth,Da Costa,wdacostadv@whitehouse.gov,04/19/2023,21467,1004,2
501,Tatiana,Foard,tfoarddw@linkedin.com,07/10/2021,20219,1005,1
502,Dermot,Langfitt,dlangfittdx@forbes.com,02/03/2003,46633,1004,3
503,Malachi,Brabbins,mbrabbinsdy@oaic.gov.au,04/29/2000,31439,1010,5
504,Annora,Brockelsby,abrockelsbydz@mail.ru,05/16/2025,14576,1009,1
505,Tedra,Loding,tlodinge0@vkontakte.ru,08/20/2026,39241,1004,1
506,Robbi,Apdell,rapdelle1@a8.net,12/07/2005,35439,1006,3
507,Stephenie,Brigstock,sbrigstocke2@webnode.com,11/14/2028,14562,1007,3
508,Lizbeth,Aizikovitch,laizikovitche3@wisc.edu,03/06/2018,17849,1010,4
509,Leta,Smallpeace,lsmallpeacee4@go.com,10/22/2000,47791,1003,4
510,Skippie,Coupar,scoupare5@china.com.cn,02/17/2012,23095,1010,5
511,Aland,Blakeston,ablakestone6@ucsd.edu,11/25/2022,49990,1010,1
512,Dannie,Balsillie,dbalsilliee7@scribd.com,08/19/2023,33318,1007,3
513,Ber,Giacopello,bgiacopelloe8@comsenz.com,07/30/2016,16008,1003,5
514,Samara,Winscom,swinscome9@google.com,05/26/2020,14580,1007,3
515,Hank,Bolf,hbolfea@blog.com,06/27/2006,21231,1006,2
516,Filippa,Grigor,fgrigoreb@baidu.com,05/28/2024,27740,1003,2
517,Timothy,Condit,tconditec@creativecommons.org,08/01/2024,29283,1006,2
518,Monti,Burkin,mburkined@prlog.org,12/28/2023,20325,1004,3
519,Stoddard,MacFaell,smacfaellee@ca.gov,08/18/2004,17132,1005,4
520,Jonathon,Macvey,jmacveyef@sogou.com,12/10/2027,12222,1001,5
521,Perice,Genty,pgentyeg@statcounter.com,11/10/2024,40613,1006,4
522,Loydie,Childers,lchilderseh@census.gov,02/07/2005,28376,1010,2
523,Glyn,East,geastei@microsoft.com,08/14/2018,49391,1002,2
524,Ardath,Alf,aalfej@yahoo.co.jp,02/07/2015,38024,1010,4
525,Wiatt,Juanico,wjuanicoek@cisco.com,04/14/2018,38587,1009,4
526,Letty,Whorlow,lwhorlowel@newsvine.com,11/21/2028,47158,1009,4
527,Allan,O'Dunniom,aodunniomem@tumblr.com,03/12/2023,43359,1003,3
528,Daryn,Ashmore,dashmoreen@dell.com,04/17/2002,19714,1003,5
529,Ursuline,Zettoi,uzettoieo@yahoo.com,11/17/2021,24178,1006,4
530,Bucky,Hicks,bhicksep@loc.gov,02/25/2002,25988,1003,1
531,Eolande,Punton,epuntoneq@sakura.ne.jp,06/05/2022,32471,1004,4
532,Lurette,Gudyer,lgudyerer@miibeian.gov.cn,11/22/2028,32113,1009,2
533,Liam,Antonescu,lantonescues@delicious.com,06/28/2017,14957,1002,2
534,Pattie,Songist,psongistet@sogou.com,03/28/2019,38034,1007,5
535,Rosaleen,Stalf,rstalfeu@ezinearticles.com,03/19/2012,10489,1004,1
536,Marys,McArte,mmcarteev@posterous.com,11/23/2007,45974,1006,2
537,Filmore,Smithyman,fsmithymanew@yale.edu,04/19/2029,18623,1002,2
538,Tonnie,Brownsea,tbrownseaex@rediff.com,02/03/2023,31223,1009,5
539,Brier,Willerton,bwillertoney@unesco.org,06/18/2015,16998,1009,4
540,Lari,Torrejon,ltorrejonez@ebay.com,09/29/2029,44158,1009,2
541,Hedwiga,Plascott,hplascottf0@dedecms.com,10/15/2000,16515,1007,5
542,Cirilo,Lighton,clightonf1@reference.com,12/29/2006,41203,1008,1
543,Claudia,Labin,clabinf2@plala.or.jp,06/27/2003,26822,1006,1
544,Maxwell,MacIllrick,mmacillrickf3@nbcnews.com,02/15/2026,38694,1007,2
545,Dall,Arnaudet,darnaudetf4@businessweek.com,12/14/2021,12601,1010,3
546,Tera,Yeats,tyeatsf5@va.gov,07/11/2013,33803,1005,3
547,Cobb,Dowdney,cdowdneyf6@about.com,12/24/2010,26989,1010,4
548,Ignaz,MacPeice,imacpeicef7@bluehost.com,01/19/2017,34135,1010,4
549,Ruddie,Elsmere,relsmeref8@google.es,10/30/2014,43375,1003,4
550,Concettina,Splevins,csplevinsf9@ca.gov,05/19/2006,41608,1005,4
551,Charleen,Tuxill,ctuxillfa@posterous.com,02/15/2017,34353,1009,4
552,Karlotte,Morillas,kmorillasfb@adobe.com,07/14/2009,22220,1006,4
553,Essie,Chaimson,echaimsonfc@mapy.cz,03/15/2009,41546,1008,2
554,Marcille,Pablo,mpablofd@ehow.com,10/18/2012,31049,1009,5
555,Laurens,Parrin,lparrinfe@home.pl,02/21/2019,39579,1010,5
556,Berna,Kensit,bkensitff@spiegel.de,05/02/2009,39169,1002,3
557,Felicia,Eate,featefg@prweb.com,06/23/2012,13176,1005,3
558,Gert,Salling,gsallingfh@cnn.com,10/23/2005,11651,1010,3
559,Shayne,Faughey,sfaugheyfi@phpbb.com,04/29/2021,22747,1001,1
560,Violet,Levane,vlevanefj@canalblog.com,10/13/2024,16193,1007,5
561,Remus,Faltin,rfaltinfk@si.edu,07/18/2015,34040,1009,1
562,Gunilla,Tucker,gtuckerfl@devhub.com,04/13/2024,18675,1004,4
563,Rufe,Yitzovicz,ryitzoviczfm@amazon.com,02/28/2029,36018,1008,1
564,Bertha,Macy,bmacyfn@chicagotribune.com,11/11/2024,46318,1010,1
565,Randene,Brellin,rbrellinfo@skype.com,07/05/2020,32888,1007,2
566,Lona,Pinchback,lpinchbackfp@cpanel.net,03/26/2021,48166,1007,5
567,Marcelle,Dunton,mduntonfq@house.gov,05/29/2027,22866,1009,2
568,Sally,Wallen,swallenfr@eventbrite.com,10/04/2020,42943,1007,3
569,Ashli,Meech,ameechfs@lycos.com,09/08/2005,16497,1002,4
570,Zuzana,Fydoe,zfydoeft@soup.io,09/06/2003,48854,1004,3
571,Chalmers,Petricek,cpetricekfu@people.com.cn,12/09/2014,12492,1010,4
572,Ive,Varran,ivarranfv@marriott.com,09/09/2007,37679,1005,4
573,Kenon,Garthland,kgarthlandfw@furl.net,03/08/2008,42392,1003,2
574,Clevie,Oneill,coneillfx@netscape.com,06/04/2020,48788,1003,2
575,Libbi,Drynan,ldrynanfy@comcast.net,11/14/2001,15570,1005,4
576,Hogan,Izchaki,hizchakifz@xrea.com,05/05/2026,39608,1008,3
577,Stesha,McInnes,smcinnesg0@deliciousdays.com,10/30/2021,44826,1010,5
578,Danette,Relfe,drelfeg1@amazon.co.uk,01/23/2003,21385,1009,4
579,Gay,Gero,ggerog2@wikia.com,08/10/2025,31968,1001,4
580,Shel,Godard,sgodardg3@cbslocal.com,12/23/2000,17913,1004,1
581,Drake,Goldes,dgoldesg4@nih.gov,08/09/2011,32782,1005,3
582,Barbara,Parcall,bparcallg5@facebook.com,03/02/2023,37374,1003,2
583,Valera,Echlin,vechling6@webmd.com,11/18/2004,44087,1008,4
584,Rani,Goodsal,rgoodsalg7@buzzfeed.com,07/01/2029,32733,1001,3
585,Iolande,Stedall,istedallg8@ow.ly,04/10/2018,31312,1006,2
586,Chrissie,Ballay,cballayg9@dell.com,07/02/2003,21439,1004,4
587,Catlee,Sivess,csivessga@etsy.com,11/10/2016,11901,1009,2
588,Rica,MacGragh,rmacgraghgb@aboutads.info,07/07/2012,36542,1005,1
589,Arleyne,Moyes,amoyesgc@barnesandnoble.com,10/06/2004,18916,1010,3
590,Felic,Segeswoeth,fsegeswoethgd@pen.io,06/24/2019,33353,1007,1
591,Thomasine,Blackmuir,tblackmuirge@instagram.com,11/24/2016,42540,1006,2
592,Norma,Peckitt,npeckittgf@reference.com,01/15/2026,49465,1009,1
593,Casandra,Acuna,cacunagg@fastcompany.com,11/08/2019,40978,1008,1
594,Chloris,Jouannot,cjouannotgh@youtu.be,07/26/2029,23173,1001,4
595,Jeno,Rigardeau,jrigardeaugi@purevolume.com,04/15/2002,32582,1004,5
596,Kerr,Harnes,kharnesgj@blogtalkradio.com,05/13/2009,20589,1007,3
597,Pall,Carsey,pcarseygk@japanpost.jp,10/09/2017,41042,1003,1
598,Alonso,Guthrum,aguthrumgl@blogger.com,05/22/2017,27305,1008,5
599,Florenza,Ghost,fghostgm@lycos.com,01/08/2012,39651,1005,5
600,Krishnah,Beldan,kbeldangn@trellian.com,03/01/2008,15557,1002,5
601,Lea,Rosenfeld,lrosenfeldgo@harvard.edu,03/17/2009,21235,1007,4
602,Allianora,Crothers,acrothersgp@furl.net,02/03/2015,38654,1006,4
603,Brita,Guilliland,bguillilandgq@blogger.com,08/14/2025,24213,1003,2
604,Catharina,Beek,cbeekgr@simplemachines.org,07/03/2011,35878,1002,1
605,Stacy,Iacopo,siacopogs@people.com.cn,06/16/2008,43927,1005,5
606,Christal,O' Ronan,coronangt@cyberchimps.com,06/10/2015,23906,1006,4
607,Arnie,Hazleton,ahazletongu@imgur.com,05/15/2000,48698,1004,4
608,Orson,Blundan,oblundangv@trellian.com,07/22/2028,38353,1006,4
609,Bette,Dufaire,bdufairegw@drupal.org,05/24/2006,42874,1003,4
610,Dulcinea,Benzies,dbenziesgx@cpanel.net,09/16/2014,15128,1009,3
611,Jolie,Toolin,jtoolingy@earthlink.net,02/10/2004,47473,1005,4
612,Ferdinanda,Restieaux,frestieauxgz@vimeo.com,03/01/2000,25788,1008,4
613,Gwenneth,Baggot,gbaggoth0@wsj.com,07/06/2029,18492,1004,5
614,Forrest,Athey,fatheyh1@lulu.com,07/28/2027,47014,1008,2
615,Brooks,Capponer,bcapponerh2@wp.com,08/15/2003,47031,1008,2
616,Gale,Sheeran,gsheeranh3@baidu.com,06/11/2021,48963,1007,3
617,Yettie,Haeslier,yhaeslierh4@squidoo.com,01/04/2006,42528,1009,4
618,Gerrard,Tace,gtaceh5@wikipedia.org,03/18/2022,28168,1001,3
619,Sylvester,Matashkin,smatashkinh6@walmart.com,12/29/2026,13981,1001,3
620,Alanna,Proske,aproskeh7@privacy.gov.au,07/11/2009,49205,1008,5
621,Willy,Gradly,wgradlyh8@phoca.cz,01/02/2018,20349,1005,2
622,Obie,Dansie,odansieh9@cmu.edu,10/19/2016,29748,1008,2
623,Rudd,Marcq,rmarcqha@qq.com,02/26/2015,28484,1009,5
624,Waylin,Gibson,wgibsonhb@nsw.gov.au,03/27/2015,13446,1003,5
625,Brit,Landreth,blandrethhc@flickr.com,01/03/2025,35947,1009,5
626,Inglebert,Andrasch,iandraschhd@netscape.com,02/15/2020,35996,1008,3
627,Emlyn,Gepheart,egephearthe@mozilla.org,11/17/2004,28273,1009,1
628,Leigh,Dimitrijevic,ldimitrijevichf@altervista.org,10/19/2012,27360,1002,1
629,De,Lipscombe,dlipscombehg@comsenz.com,02/21/2003,38628,1006,2
630,Linc,Beel,lbeelhh@blinklist.com,12/31/2004,24627,1004,1
631,Aridatha,Malatalant,amalatalanthi@goo.ne.jp,08/30/2005,48522,1004,3
632,Maximo,Reihm,mreihmhj@google.nl,04/25/2019,17258,1010,2
633,Tailor,Vanshin,tvanshinhk@springer.com,04/01/2019,35144,1007,5
634,Eugen,Dargie,edargiehl@webeden.co.uk,10/21/2015,27817,1003,5
635,Rosella,MacMenamie,rmacmenamiehm@t-online.de,04/04/2001,18869,1006,2
636,Abbey,Domoney,adomoneyhn@vkontakte.ru,12/26/2023,40261,1001,2
637,Cash,Le Friec,clefriecho@blogtalkradio.com,11/13/2019,34973,1006,3
638,Faustina,Malinson,fmalinsonhp@gov.uk,05/03/2011,15039,1004,2
639,Caldwell,Fiddler,cfiddlerhq@java.com,11/21/2003,10804,1005,2
640,Ives,Cotta,icottahr@yahoo.com,04/12/2020,13553,1003,4
641,Reid,Grzegorzewski,rgrzegorzewskihs@facebook.com,07/06/2005,36967,1001,4
642,Albertine,Terrazzo,aterrazzoht@mtv.com,03/19/2000,21320,1006,5
643,Alden,Migheli,amighelihu@t.co,02/15/2029,41557,1009,1
644,Codie,Calbert,ccalberthv@gmpg.org,10/25/2002,27568,1010,5
645,Bambie,Lohan,blohanhw@dailymotion.com,11/03/2025,12545,1006,1
646,Pauly,Mann,pmannhx@amazon.com,06/12/2015,19213,1002,4
647,Odelinda,Hedger,ohedgerhy@miibeian.gov.cn,07/16/2017,17109,1003,4
648,Tessie,Leith-Harvey,tleithharveyhz@state.tx.us,03/02/2006,49811,1003,1
649,Logan,Plail,lplaili0@ibm.com,03/05/2017,30908,1004,1
650,Zeke,Leiden,zleideni1@delicious.com,02/19/2021,12041,1001,5
651,Ardene,Squires,asquiresi2@goo.ne.jp,04/04/2023,39296,1001,3
652,Elane,Hanhard,ehanhardi3@jimdo.com,09/02/2014,37719,1006,4
653,Dallas,Corbitt,dcorbitti4@privacy.gov.au,03/16/2024,46674,1007,3
654,Gav,Pitbladdo,gpitbladdoi5@drupal.org,06/10/2025,18851,1010,1
655,Millie,Covey,mcoveyi6@amazon.de,06/11/2020,28206,1003,3
656,Sibby,Bourhill,sbourhilli7@vinaora.com,07/01/2010,49891,1001,1
657,Buffy,Pumphreys,bpumphreysi8@harvard.edu,06/09/2007,12878,1008,5
658,Mack,Oager,moageri9@yandex.ru,11/11/2005,47373,1002,1
659,Leicester,Seebright,lseebrightia@liveinternet.ru,03/02/2011,27420,1002,3
660,Creighton,Plaunch,cplaunchib@ask.com,04/16/2029,48759,1006,5
661,Germana,Ishchenko,gishchenkoic@163.com,08/25/2025,37905,1004,5
662,Simmonds,Fishwick,sfishwickid@bloglines.com,04/13/2029,17980,1007,4
663,Vyky,Nias,vniasie@intel.com,08/09/2012,32301,1002,2
664,Wandie,Rosindill,wrosindillif@is.gd,08/29/2007,49255,1008,5
665,Fredi,Winterbotham,fwinterbothamig@diigo.com,10/06/2009,14143,1004,5
666,Filberte,Budd,fbuddih@nsw.gov.au,06/05/2006,33737,1001,3
667,Denys,Brosch,dbroschii@webeden.co.uk,07/30/2013,42233,1005,4
668,Antonie,Matson,amatsonij@geocities.jp,08/29/2007,15934,1008,5
669,Yasmeen,Jacobs,yjacobsik@privacy.gov.au,10/24/2015,48817,1006,1
670,Renata,Spinney,rspinneyil@wix.com,02/22/2018,41112,1005,3
671,Mirna,Marshman,mmarshmanim@pbs.org,05/18/2017,48580,1005,5
672,Cindie,Rameau,crameauin@abc.net.au,02/20/2018,27248,1003,2
673,Brianne,Rendbaek,brendbaekio@clickbank.net,09/19/2020,36053,1008,5
674,Adriaens,Nudds,anuddsip@java.com,06/08/2014,14750,1004,2
675,Bernardina,Angier,bangieriq@lulu.com,10/05/2002,37195,1008,4
676,Hailee,Dysart,hdysartir@amazon.com,06/09/2025,38747,1004,3
677,Rosalinde,Hickinbottom,rhickinbottomis@a8.net,09/24/2004,48766,1009,3
678,Audry,O'Daly,aodalyit@soup.io,11/13/2019,28292,1004,1
679,Renaldo,Steel,rsteeliu@usda.gov,01/31/2000,13698,1003,4
680,Ami,Jzhakov,ajzhakoviv@usda.gov,08/13/2028,15895,1007,3
681,Constantine,Darwin,cdarwiniw@upenn.edu,09/28/2017,21559,1002,2
682,Pansie,Breffit,pbreffitix@china.com.cn,09/30/2018,23548,1008,1
683,Gonzalo,Trower,gtroweriy@nhs.uk,11/11/2018,48417,1007,2
684,Gwennie,Fulk,gfulkiz@artisteer.com,01/31/2019,25688,1008,5
685,Jeff,Boules,jboulesj0@ted.com,01/18/2014,43813,1001,2
686,Suzy,Campes,scampesj1@epa.gov,04/29/2029,39253,1002,2
687,Friederike,Mounsey,fmounseyj2@woothemes.com,07/20/2016,39289,1007,3
688,Dennison,Goodley,dgoodleyj3@sourceforge.net,03/29/2023,42464,1004,4
689,Yolane,Giorgielli,ygiorgiellij4@usnews.com,10/04/2008,42654,1009,1
690,Hunfredo,Twine,htwinej5@mail.ru,02/16/2021,45157,1001,3
691,Ronica,Romagosa,rromagosaj6@cdbaby.com,10/20/2002,21125,1001,3
692,Darin,Pickrill,dpickrillj7@harvard.edu,04/15/2022,12542,1005,3
693,La verne,Bosden,lbosdenj8@sohu.com,12/12/2024,32523,1003,1
694,Gawain,Stormes,gstormesj9@newsvine.com,06/29/2020,31501,1008,2
695,Faye,Cumbers,fcumbersja@wordpress.com,06/23/2015,30919,1005,5
696,Kylynn,Euston,keustonjb@state.gov,12/18/2022,20683,1005,5
697,Ardene,Suttling,asuttlingjc@spiegel.de,04/08/2024,36036,1001,2
698,Dorrie,Glavis,dglavisjd@bloglines.com,02/01/2011,45432,1006,5
699,Glen,Potter,gpotterje@tamu.edu,09/08/2019,12631,1002,4
700,Iorgo,Stratley,istratleyjf@google.com.hk,05/20/2025,10887,1001,4
701,Rene,Houlahan,rhoulahanjg@admin.ch,10/27/2020,18153,1003,3
702,Sander,Eloy,seloyjh@imageshack.us,08/17/2018,12973,1006,5
703,Zora,Itzcovichch,zitzcovichchji@clickbank.net,07/08/2016,32647,1006,1
704,Herman,Goodlud,hgoodludjj@mapquest.com,11/02/2017,39286,1003,1
705,Latashia,Renzini,lrenzinijk@wordpress.org,08/22/2008,17953,1008,4
706,Gaby,Kempson,gkempsonjl@odnoklassniki.ru,07/09/2008,12897,1008,3
707,Mallissa,Gibard,mgibardjm@psu.edu,09/30/2014,21863,1001,4
708,Tobi,Roll,trolljn@unicef.org,05/27/2008,31236,1009,4
709,Hagan,Kiezler,hkiezlerjo@gov.uk,08/24/2023,45398,1001,1
710,Daisi,Lagde,dlagdejp@whitehouse.gov,12/18/2016,29468,1008,5
711,Kandy,O'Donovan,kodonovanjq@harvard.edu,10/12/2027,42693,1003,4
712,Milka,Matteo,mmatteojr@devhub.com,01/29/2015,19270,1005,5
713,Gregorio,Strongitharm,gstrongitharmjs@baidu.com,06/17/2001,34943,1005,1
714,Wendeline,Finicj,wfinicjjt@europa.eu,03/25/2001,24269,1008,3
715,Eduardo,Lillico,elillicoju@pcworld.com,12/17/2009,20473,1009,2
716,Christabella,Figgess,cfiggessjv@example.com,08/28/2011,10166,1001,4
717,Eliot,Ricci,ericcijw@mediafire.com,06/15/2013,19906,1004,5
718,Rand,Caurah,rcaurahjx@pinterest.com,10/23/2013,22297,1009,5
719,Brooke,Dossantos,bdossantosjy@g.co,01/20/2012,18844,1003,4
720,Arman,Rowes,arowesjz@toplist.cz,11/26/2009,39450,1004,4
721,Nelia,Senecaut,nsenecautk0@youku.com,03/29/2025,37336,1002,1
722,Gibb,Smalridge,gsmalridgek1@about.me,03/08/2005,20593,1008,4
723,Holly-anne,Morch,hmorchk2@theglobeandmail.com,03/09/2014,21540,1006,1
724,Eilis,Roscoe,eroscoek3@artisteer.com,05/20/2012,32916,1005,4
725,Curcio,Ebbutt,cebbuttk4@sphinn.com,10/21/2007,10797,1003,3
726,Prisca,Wark,pwarkk5@wikia.com,08/16/2012,27019,1010,3
727,Lindy,Gooley,lgooleyk6@com.com,09/09/2004,46287,1005,3
728,Janenna,O' Shea,josheak7@bravesites.com,11/20/2012,23515,1004,2
729,Kingsly,Bockin,kbockink8@blogs.com,05/30/2029,49736,1004,5
730,Alexa,Buxcy,abuxcyk9@state.tx.us,11/14/2012,33704,1004,5
731,Adlai,Menichelli,amenichellika@weibo.com,08/06/2025,14440,1005,3
732,Stephanus,Bransden,sbransdenkb@mapy.cz,08/05/2023,10760,1007,4
733,Stewart,Kobpac,skobpackc@soup.io,08/19/2025,45218,1001,3
734,Adella,Pillman,apillmankd@army.mil,04/06/2024,39065,1002,4
735,Brigham,Collishaw,bcollishawke@chicagotribune.com,04/25/2007,27125,1008,5
736,Berti,Batrick,bbatrickkf@angelfire.com,02/04/2026,36054,1001,1
737,Samson,Constable,sconstablekg@forbes.com,10/28/2016,41823,1006,3
738,Rice,Sanchez,rsanchezkh@nsw.gov.au,08/12/2009,10169,1001,3
739,Cam,Aumerle,caumerleki@51.la,04/12/2012,26796,1008,1
740,Frank,Kettow,fkettowkj@google.com.au,05/26/2021,13439,1005,4
741,Nolie,Burren,nburrenkk@zimbio.com,07/26/2027,41755,1010,2
742,Howie,Loyley,hloyleykl@admin.ch,02/28/2020,13917,1010,5
743,Yoshi,Chessum,ychessumkm@de.vu,06/16/2028,17421,1001,4
744,Whittaker,Worton,wwortonkn@hugedomains.com,01/14/2020,14934,1004,1
745,Clyve,Barbrick,cbarbrickko@theguardian.com,12/22/2013,34885,1007,3
746,Lexis,Tutsell,ltutsellkp@who.int,04/14/2014,15307,1001,4
747,Jennifer,Jacobsson,jjacobssonkq@reddit.com,07/12/2000,18520,1001,2
748,Belva,Charlin,bcharlinkr@storify.com,04/08/2014,27898,1002,3
749,Shalom,Worsley,sworsleyks@lycos.com,11/05/2014,44152,1002,4
750,Quinn,Spyvye,qspyvyekt@hatena.ne.jp,06/04/2024,40610,1007,5
751,Anastassia,Worgen,aworgenku@archive.org,06/26/2029,26946,1002,3
752,Barthel,Alliston,ballistonkv@sbwire.com,05/17/2025,12934,1007,1
753,Travus,Phillcock,tphillcockkw@hp.com,05/19/2011,34249,1009,5
754,Aline,Chantillon,achantillonkx@ycombinator.com,08/26/2025,27384,1010,5
755,Viviana,McJerrow,vmcjerrowky@bloomberg.com,08/21/2013,38765,1005,4
756,Jillie,Thewlis,jthewliskz@issuu.com,03/03/2007,36748,1004,3
757,Erin,Francescozzi,efrancescozzil0@tuttocitta.it,01/11/2001,30340,1007,4
758,Onfre,Pendlenton,opendlentonl1@dot.gov,11/03/2017,12876,1001,1
759,Harriette,Gronav,hgronavl2@tuttocitta.it,01/10/2028,43036,1001,4
760,Branden,Mansfield,bmansfieldl3@usa.gov,11/16/2029,15426,1002,3
761,Baily,Giovanitti,bgiovanittil4@wikia.com,06/11/2027,34880,1010,5
762,Ossie,O'Reagan,ooreaganl5@sciencedirect.com,12/24/2026,10522,1003,2
763,Perceval,Jendrys,pjendrysl6@sitemeter.com,08/21/2016,45383,1001,4
764,Steffi,Ecclestone,secclestonel7@google.es,12/10/2020,29247,1003,1
765,Fey,Hourigan,fhouriganl8@weather.com,02/22/2002,17978,1004,5
766,Antonia,Alfonsini,aalfonsinil9@mayoclinic.com,05/16/2023,31073,1001,5
767,Sherri,Gooding,sgoodingla@goo.gl,10/09/2004,23179,1007,2
768,Vergil,Greggor,vgreggorlb@storify.com,10/06/2029,46313,1009,2
769,Corrianne,Airy,cairylc@indiegogo.com,08/09/2016,35672,1010,3
770,Jon,Paula,jpaulald@themeforest.net,01/04/2025,27470,1003,4
771,Marcos,Elby,melbyle@tumblr.com,11/29/2019,29342,1010,5
772,Camila,Prazer,cprazerlf@princeton.edu,06/20/2022,33472,1009,5
773,Hilly,Santostefano.,hsantostefanolg@free.fr,07/16/2004,43362,1001,1
774,Pietrek,Durran,pdurranlh@histats.com,06/25/2021,45344,1004,5
775,Ciel,Torvey,ctorveyli@artisteer.com,11/10/2007,45570,1009,5
776,Nickolas,Titterton,ntittertonlj@lulu.com,09/22/2016,38159,1004,3
777,Ogdon,Paddle,opaddlelk@elpais.com,07/18/2015,38120,1007,5
778,Gibbie,Parlor,gparlorll@studiopress.com,12/18/2025,24411,1008,5
779,Ezekiel,Leary,elearylm@upenn.edu,10/17/2011,28383,1010,4
780,Branden,Tapenden,btapendenln@cnbc.com,06/24/2015,43663,1006,4
781,Troy,Fader,tfaderlo@nhs.uk,03/27/2000,27553,1003,1
782,Kiri,Tarrant,ktarrantlp@barnesandnoble.com,11/17/2022,38350,1001,4
783,Haydon,Endrighi,hendrighilq@mac.com,06/19/2013,26597,1009,3
784,Gaylor,Helstrip,ghelstriplr@jalbum.net,07/26/2018,37416,1005,5
785,Dasi,Cowley,dcowleyls@bandcamp.com,02/10/2001,22460,1009,4
786,Bellina,Deekes,bdeekeslt@ning.com,10/01/2004,47853,1001,5
787,Fancie,Zecchetti,fzecchettilu@unc.edu,08/14/2012,19803,1001,3
788,Aurthur,Bampfield,abampfieldlv@scribd.com,08/04/2010,36160,1002,2
789,Bengt,Lille,blillelw@jalbum.net,09/19/2004,29025,1006,3
790,Fawnia,Cavill,fcavilllx@narod.ru,01/09/2011,41746,1003,3
791,Auroora,Mulhall,amulhallly@cbc.ca,12/18/2029,19962,1004,5
792,Millicent,Montgomery,mmontgomerylz@dailymail.co.uk,05/31/2011,33883,1002,5
793,Sula,Rennard,srennardm0@instagram.com,07/19/2009,34561,1002,5
794,Wildon,Biaggetti,wbiaggettim1@ow.ly,02/25/2020,11013,1004,3
795,Sophie,Seago,sseagom2@bbb.org,10/17/2001,45640,1008,1
796,Tiphany,Macilhench,tmacilhenchm3@sohu.com,12/14/2019,23827,1001,1
797,Erin,Bims,ebimsm4@guardian.co.uk,01/19/2018,19486,1010,1
798,Mozelle,Dominelli,mdominellim5@webmd.com,11/12/2011,38173,1006,4
799,Jobye,Reddings,jreddingsm6@chicagotribune.com,04/08/2005,35896,1010,1
800,Lacey,Hunte,lhuntem7@ox.ac.uk,08/20/2010,44714,1006,3
801,Gracia,Krauze,gkrauzem8@acquirethisname.com,03/22/2021,12263,1006,4
802,Jourdain,MacCook,jmaccookm9@wikimedia.org,04/15/2028,39530,1003,3
803,Vinny,Pallesen,vpallesenma@wp.com,07/07/2005,17219,1006,3
804,Madison,Buxsy,mbuxsymb@phoca.cz,10/12/2016,33671,1009,4
805,Pen,Korting,pkortingmc@webs.com,08/01/2028,44326,1010,5
806,Pete,Cavee,pcaveemd@liveinternet.ru,11/09/2020,13822,1008,5
807,Axel,Dunmore,adunmoreme@blogspot.com,11/29/2028,15990,1006,1
808,Tracy,Brideau,tbrideaumf@chron.com,12/02/2007,13853,1008,1
809,Gail,Beachamp,gbeachampmg@cafepress.com,07/20/2024,33458,1007,2
810,Ferguson,Pharrow,fpharrowmh@rambler.ru,09/25/2004,24320,1006,1
811,Donall,Walcher,dwalchermi@exblog.jp,09/19/2001,37501,1004,5
812,Nathalia,Shearsby,nshearsbymj@fc2.com,08/19/2002,32892,1007,1
813,Thea,Pettet,tpettetmk@sitemeter.com,01/25/2021,47332,1009,5
814,Stern,Rowland,srowlandml@dropbox.com,02/27/2018,17268,1006,3
815,Freddy,Yea,fyeamm@google.cn,12/16/2017,24598,1002,3
816,Harriet,Flay,hflaymn@census.gov,12/30/2020,26320,1003,4
817,Kara-lynn,Nettles,knettlesmo@163.com,11/02/2002,32673,1003,1
818,Kenny,Ferres,kferresmp@omniture.com,09/21/2020,27104,1008,3
819,Melitta,Drioli,mdriolimq@slashdot.org,11/25/2018,10518,1007,5
820,Luz,Tumpane,ltumpanemr@toplist.cz,11/15/2026,15576,1006,3
821,Marissa,Kedie,mkediems@hc360.com,07/30/2005,14842,1004,1
822,Lucho,Pestell,lpestellmt@constantcontact.com,10/05/2002,28062,1010,1
823,Ariana,Bulfoot,abulfootmu@accuweather.com,10/23/2027,37184,1008,2
824,Stephi,Bedding,sbeddingmv@amazon.co.uk,02/07/2013,40743,1008,5
825,Dulcy,Paffitt,dpaffittmw@i2i.jp,09/07/2019,24847,1001,1
826,Marleen,Breukelman,mbreukelmanmx@cloudflare.com,09/16/2002,29653,1010,2
827,Daniella,Eccleston,decclestonmy@xrea.com,10/10/2029,15808,1008,1
828,Clari,Paxeford,cpaxefordmz@abc.net.au,10/16/2026,44834,1010,3
829,Felizio,Bonick,fbonickn0@nsw.gov.au,10/07/2029,35091,1004,3
830,Lizbeth,Ricketts,lrickettsn1@google.com.hk,02/21/2018,25246,1003,1
831,Sula,Killingsworth,skillingsworthn2@zimbio.com,10/04/2023,16123,1009,5
832,Say,Hugli,shuglin3@umn.edu,03/03/2026,42185,1001,4
833,Filippa,Gabits,fgabitsn4@businesswire.com,05/13/2028,35928,1008,5
834,Hillie,Wolledge,hwolledgen5@newsvine.com,08/30/2007,44930,1010,1
835,Jacquenetta,Starmore,jstarmoren6@rakuten.co.jp,03/15/2009,11734,1006,4
836,Rene,Jillitt,rjillittn7@printfriendly.com,09/15/2015,21411,1005,3
837,Debor,MacRedmond,dmacredmondn8@baidu.com,09/25/2005,37207,1010,5
838,Helli,Sampson,hsampsonn9@typepad.com,10/02/2008,47521,1010,2
839,Feodor,Ketteringham,fketteringhamna@nsw.gov.au,08/04/2017,44781,1002,3
840,Field,Spileman,fspilemannb@delicious.com,09/02/2017,12585,1003,3
841,Binky,Hacquard,bhacquardnc@uiuc.edu,05/05/2013,46701,1006,1
842,Carlene,Innis,cinnisnd@globo.com,07/09/2002,10222,1004,2
843,Stephen,Stitcher,sstitcherne@imageshack.us,04/08/2010,39196,1006,5
844,Welby,De Angelo,wdeangelonf@reverbnation.com,01/21/2012,38810,1004,5
845,Carly,Ollander,collanderng@aol.com,10/08/2010,45330,1003,4
846,Linnie,Olensby,lolensbynh@unicef.org,06/23/2018,35976,1003,1
847,Svend,Vampouille,svampouilleni@google.de,03/09/2021,23584,1008,4
848,Bibi,Leonarde,bleonardenj@tmall.com,06/09/2021,37193,1005,4
849,Fabian,McPhee,fmcpheenk@lycos.com,12/08/2026,30714,1002,1
850,Elysee,Hook,ehooknl@si.edu,12/27/2029,27392,1007,1
851,Clemmie,Scatcher,cscatchernm@youku.com,03/14/2023,23401,1008,5
852,Vivienne,Fryman,vfrymannn@latimes.com,07/16/2025,17379,1007,4
853,Felicity,Gavagan,fgavaganno@newsvine.com,01/20/2015,14193,1004,1
854,Fairleigh,Tavner,ftavnernp@mapquest.com,09/20/2000,12688,1004,4
855,Courtenay,Lambillion,clambillionnq@nba.com,05/03/2009,49137,1005,3
856,Juline,Jeduch,jjeduchnr@addtoany.com,03/10/2008,22532,1007,1
857,Maegan,Hardisty,mhardistyns@mayoclinic.com,06/22/2016,29037,1001,4
858,Jeff,Coller,jcollernt@cocolog-nifty.com,06/21/2000,14426,1010,3
859,Finley,Saphir,fsaphirnu@gnu.org,04/15/2011,42859,1002,4
860,Anne-corinne,Titmuss,atitmussnv@sogou.com,11/01/2023,19472,1010,1
861,Adam,Fulep,afulepnw@un.org,08/23/2014,24805,1009,1
862,Sheridan,Bonnett,sbonnettnx@mapy.cz,02/01/2006,14743,1010,1
863,Sarah,Bris,sbrisny@addtoany.com,02/01/2028,26473,1009,5
864,Idalia,Spykins,ispykinsnz@friendfeed.com,01/17/2021,34992,1006,4
865,Hedwiga,Maffucci,hmaffuccio0@dmoz.org,12/31/2007,32963,1006,2
866,Stafani,Gilffillan,sgilffillano1@java.com,04/30/2019,11331,1010,1
867,Paquito,Pinks,ppinkso2@privacy.gov.au,03/11/2008,10093,1007,4
868,Estel,Clingan,eclingano3@eepurl.com,04/09/2027,46523,1008,4
869,Gweneth,Jee,gjeeo4@hugedomains.com,12/21/2010,11076,1003,1
870,Dickie,Winwood,dwinwoodo5@theatlantic.com,07/31/2025,44850,1001,4
871,Wake,Morsom,wmorsomo6@paypal.com,01/24/2021,19099,1007,4
872,Thedrick,Allon,tallono7@devhub.com,03/03/2023,18345,1004,3
873,Carmella,Glasard,cglasardo8@ft.com,07/11/2002,15345,1005,5
874,Cecile,Scherer,cscherero9@yale.edu,08/30/2024,34720,1003,3
875,Urbain,Britt,ubrittoa@wisc.edu,02/17/2002,19266,1007,3
876,Menard,Draisey,mdraiseyob@wired.com,10/04/2017,36036,1006,1
877,Freida,Whelan,fwhelanoc@cisco.com,02/24/2022,39877,1001,1
878,Rube,Hayter,rhayterod@huffingtonpost.com,01/03/2023,17568,1008,2
879,Linnea,Boreland,lborelandoe@paginegialle.it,12/12/2015,38563,1001,4
880,Maxwell,De Roos,mderoosof@last.fm,12/03/2004,16406,1003,5
881,Eudora,Foottit,efoottitog@msn.com,07/27/2019,36751,1006,3
882,Mozes,Edwicker,medwickeroh@example.com,12/27/2014,49380,1001,2
883,Cherish,Kerin,ckerinoi@ucla.edu,03/04/2016,26223,1005,2
884,Waiter,Wraight,wwraightoj@youtube.com,04/17/2015,12040,1003,1
885,Eb,Sawyers,esawyersok@phpbb.com,04/02/2016,13223,1001,3
886,Kendal,Inkles,kinklesol@webmd.com,09/25/2016,11485,1007,3
887,Angelita,Bangiard,abangiardom@miibeian.gov.cn,04/13/2012,41637,1009,2
888,Dell,Simcox,dsimcoxon@wikia.com,04/03/2026,38562,1001,1
889,Vale,Karczinski,vkarczinskioo@weibo.com,01/31/2017,43326,1004,1
890,Filippa,Tilson,ftilsonop@mozilla.org,09/21/2021,41428,1003,3
891,Anselma,Ollenbuttel,aollenbutteloq@youku.com,02/04/2028,23838,1009,2
892,Alessandra,Bau,abauor@foxnews.com,12/22/2020,14986,1007,1
893,Ruperta,Keneforde,rkenefordeos@a8.net,10/14/2004,47979,1009,5
894,Adler,Copeland,acopelandot@topsy.com,11/08/2025,12546,1002,5
895,Whit,Heugel,wheugelou@bluehost.com,05/04/2010,12493,1006,3
896,Marley,Larsen,mlarsenov@meetup.com,03/04/2014,20761,1009,1
897,Donny,Tate,dtateow@csmonitor.com,06/16/2013,45903,1009,2
898,Filippo,Hynd,fhyndox@uol.com.br,09/03/2016,39017,1005,1
899,Kathrine,Luety,kluetyoy@stanford.edu,01/30/2026,23313,1002,4
900,Renaud,Alessandretti,ralessandrettioz@google.fr,08/21/2014,10022,1010,4
901,Kristina,Dunbobin,kdunbobinp0@plala.or.jp,07/19/2021,28999,1005,1
902,Jillian,Yelden,jyeldenp1@edublogs.org,09/14/2028,24413,1001,4
903,Kettie,Beidebeke,kbeidebekep2@usatoday.com,03/31/2004,30097,1004,1
904,York,Nother,ynotherp3@devhub.com,02/17/2003,18860,1001,3
905,Kennett,Tipens,ktipensp4@tiny.cc,09/12/2004,49360,1005,4
906,Gipsy,Vaney,gvaneyp5@berkeley.edu,11/05/2004,28495,1003,5
907,Antoine,Axten,aaxtenp6@goodreads.com,10/27/2008,28847,1002,2
908,Amelie,Broadhead,abroadheadp7@whitehouse.gov,10/18/2020,39568,1010,5
909,Aundrea,Mangeney,amangeneyp8@walmart.com,07/10/2023,44296,1001,3
910,Addy,Underdown,aunderdownp9@geocities.com,10/31/2028,10839,1004,2
911,Aubert,Lurriman,alurrimanpa@cnn.com,10/31/2027,37078,1005,1
912,Malva,Janouch,mjanouchpb@rambler.ru,03/01/2011,25698,1009,2
913,Stephanus,Duckering,sduckeringpc@ocn.ne.jp,07/01/2007,42348,1010,3
914,Alano,de Castelain,adecastelainpd@bravesites.com,01/12/2007,27337,1001,3
915,Uri,Noury,unourype@ifeng.com,07/03/2021,37067,1002,4
916,Thomasine,Coslett,tcoslettpf@prlog.org,02/17/2015,15758,1010,3
917,Electra,Talby,etalbypg@yahoo.com,08/29/2001,47602,1008,3
918,Boniface,Colbridge,bcolbridgeph@list-manage.com,09/14/2005,34132,1009,2
919,Ramona,Skitch,rskitchpi@prlog.org,10/07/2004,37824,1001,4
920,Auberon,Drennan,adrennanpj@parallels.com,07/31/2003,43389,1010,4
921,Alvy,Guildford,aguildfordpk@istockphoto.com,01/15/2024,35036,1004,1
922,Humbert,Hawksby,hhawksbypl@telegraph.co.uk,04/21/2024,31312,1005,2
923,Barb,Prandoni,bprandonipm@miibeian.gov.cn,06/13/2002,30789,1003,5
924,Kippie,Maydway,kmaydwaypn@ucoz.ru,11/06/2001,27151,1005,4
925,Renato,Londing,rlondingpo@youku.com,12/02/2011,21074,1008,3
926,Juanita,Dulin,jdulinpp@sogou.com,10/05/2001,14705,1001,2
927,Lillis,Guilloux,lguillouxpq@vinaora.com,06/16/2015,33969,1006,5
928,Austin,Danbury,adanburypr@wikipedia.org,06/29/2003,11103,1004,1
929,Sidoney,Van Der Vlies,svandervliesps@csmonitor.com,11/25/2020,49203,1004,5
930,Nero,Van Velden,nvanveldenpt@scientificamerican.com,09/01/2017,36272,1003,2
931,Hy,Poulson,hpoulsonpu@furl.net,03/05/2019,32778,1002,2
932,Hilary,Line,hlinepv@amazon.de,03/13/2021,44652,1010,1
933,Leonard,Grubey,lgrubeypw@netscape.com,10/28/2015,25009,1010,3
934,Bernadette,Tiner,btinerpx@elegantthemes.com,03/07/2010,30604,1010,2
935,Ancell,Wollers,awollerspy@canalblog.com,07/30/2022,36435,1009,3
936,Joseph,Fenlon,jfenlonpz@zimbio.com,07/14/2014,45406,1001,4
937,Calla,Ilieve,cilieveq0@cbc.ca,10/11/2013,31862,1008,1
938,Dona,Cossam,dcossamq1@nih.gov,06/18/2007,34307,1005,3
939,Edwin,Woehler,ewoehlerq2@de.vu,05/18/2026,11440,1002,5
940,Ignatius,Lidgley,ilidgleyq3@dropbox.com,10/18/2003,48057,1005,1
941,Dasya,Esposi,desposiq4@skype.com,12/13/2017,18708,1003,2
942,Moira,Semmence,msemmenceq5@drupal.org,12/26/2022,25934,1005,1
943,Joceline,Skitterel,jskitterelq6@printfriendly.com,05/25/2010,27445,1004,3
944,Dorelia,Bousfield,dbousfieldq7@sciencedirect.com,12/28/2010,36036,1005,5
945,Nessi,Garces,ngarcesq8@comcast.net,12/02/2018,40191,1009,4
946,Caye,Silman,csilmanq9@zdnet.com,11/08/2010,37787,1001,1
947,Theo,Mattityahou,tmattityahouqa@imdb.com,01/18/2023,23540,1007,1
948,Dorie,Ellph,dellphqb@sogou.com,11/04/2026,39656,1006,1
949,Tremayne,Piers,tpiersqc@bbb.org,11/30/2012,33646,1009,2
950,Coralie,Bulfoot,cbulfootqd@yellowpages.com,06/07/2025,39975,1001,4
951,Malvina,Cutriss,mcutrissqe@ucoz.ru,02/15/2007,29554,1003,4
952,Guido,Petriello,gpetrielloqf@ebay.com,07/31/2004,16384,1003,5
953,Marcile,MacGarvey,mmacgarveyqg@latimes.com,04/02/2024,26705,1006,1
954,Robena,Domel,rdomelqh@desdev.cn,07/18/2003,20262,1002,3
955,Fredelia,Nucci,fnucciqi@hostgator.com,02/09/2003,46420,1008,5
956,Mort,Moodycliffe,mmoodycliffeqj@csmonitor.com,04/28/2003,25183,1004,5
957,Ingaborg,Fairclough,ifaircloughqk@list-manage.com,06/10/2003,35468,1009,5
958,Rubina,Garretson,rgarretsonql@wunderground.com,03/21/2012,32968,1010,2
959,Dorthy,Ketch,dketchqm@ehow.com,07/20/2005,11742,1001,2
960,Leilah,Emmott,lemmottqn@infoseek.co.jp,10/31/2010,35033,1005,4
961,Rosco,Klejna,rklejnaqo@umn.edu,05/08/2008,31524,1005,2
962,Atalanta,Eggle,aeggleqp@storify.com,07/10/2007,36794,1001,3
963,Wilbur,MacAlroy,wmacalroyqq@abc.net.au,10/21/2018,37719,1005,4
964,Alvina,Physick,aphysickqr@webnode.com,11/29/2001,43378,1004,3
965,Carline,Garfield,cgarfieldqs@blogspot.com,05/29/2002,47140,1008,1
966,Tomi,Bagg,tbaggqt@psu.edu,11/12/2006,28562,1008,1
967,Madelena,Garaway,mgarawayqu@usa.gov,06/03/2012,13532,1010,5
968,Edy,Corradi,ecorradiqv@a8.net,08/02/2000,19553,1007,3
969,Flossy,Domanek,fdomanekqw@tiny.cc,05/23/2021,21304,1001,3
970,Arlana,Ducrow,aducrowqx@timesonline.co.uk,02/15/2027,34426,1006,1
971,Charin,Reast,creastqy@economist.com,04/05/2022,10739,1008,3
972,Merla,Tregona,mtregonaqz@unesco.org,02/23/2010,22966,1004,4
973,Dreddy,Yoakley,dyoakleyr0@slate.com,12/11/2005,38838,1009,4
974,Dacey,Gavey,dgaveyr1@skyrock.com,05/19/2011,36422,1010,3
975,Savina,Neild,sneildr2@quantcast.com,08/15/2023,13619,1008,3
976,Natassia,Bathurst,nbathurstr3@un.org,09/01/2022,44654,1002,4
977,Garrik,Domegan,gdomeganr4@adobe.com,04/25/2025,22825,1004,4
978,Alane,Cahey,acaheyr5@edublogs.org,02/10/2005,49932,1002,4
979,Quinn,Bowkett,qbowkettr6@reverbnation.com,12/21/2024,19865,1005,3
980,Pieter,MacCafferky,pmaccafferkyr7@usnews.com,03/14/2029,10404,1004,1
981,Chickie,Surguine,csurguiner8@businesswire.com,07/11/2016,14471,1007,4
982,Nady,Gaylor,ngaylorr9@forbes.com,05/27/2002,15793,1002,2
983,Neall,Steffan,nsteffanra@cnn.com,03/18/2020,28562,1007,2
984,Brynn,Charon,bcharonrb@ebay.co.uk,01/19/2002,38235,1005,4
985,Langsdon,Dericot,ldericotrc@accuweather.com,02/15/2025,41366,1008,1
986,Guinevere,Parkhouse,gparkhouserd@shutterfly.com,09/18/2021,23617,1003,3
987,Aline,Skylett,askylettre@comsenz.com,02/19/2010,17349,1002,5
988,Daisy,Messruther,dmessrutherrf@so-net.ne.jp,01/31/2005,11385,1003,5
989,Ricky,Jaze,rjazerg@domainmarket.com,12/27/2008,42788,1006,3
990,Rudiger,Morland,rmorlandrh@youku.com,04/01/2016,35574,1001,3
991,Marney,Rafter,mrafterri@vistaprint.com,03/19/2028,16869,1008,2
992,Correna,Wallentin,cwallentinrj@ibm.com,11/04/2021,36772,1003,3
993,Aube,Leaman,aleamanrk@godaddy.com,07/23/2001,21804,1008,1
994,Jordon,Bynert,jbynertrl@facebook.com,02/20/2008,22849,1010,3
995,Kelbee,Wade,kwaderm@soup.io,08/17/2007,26840,1003,2
996,Carmita,Thormwell,cthormwellrn@mozilla.org,01/03/2012,35794,1002,1
997,Tammi,Fowell,tfowellro@usda.gov,09/09/2012,19796,1001,4
998,Ruthanne,Shurville,rshurvillerp@ebay.com,09/26/2000,28859,1001,4
999,Sheffy,Masseo,smasseorq@baidu.com,08/10/2003,26957,1004,3
1000,Beatriz,Riep,brieprr@lulu.com,11/23/2007,36103,1002,2
